puntaje_crediticio,log_ingreso_anual,log_ingreso_por_dependiente,log_cuota_mensual_estimada,puntaje_crediticio log_ratio_deuda_ingreso,log_ratio_deuda_ingreso,dias_desde_inicio,log_monto_prestamo,log_ingreso_anual log_ratio_deuda_ingreso,carga_familiar,nivel_educacion,solicitud_anio,num_dependientes,categoria_score,nivel_ingresos,estado_civil_Divorciado,proposito_prestamo_Vehiculo,proposito_prestamo_Negocios,prestamo_aprobado
0.0,1.0246074778508905,1.4327425686869806,-0.3175283024020003,-0.0,-0.6370688551584437,-0.6255088195386703,-0.5140096625991996,-0.6527455129012473,-0.6766917293233082,4.0,2020.0,-1.0,1.0,3.0,0.0,0.0,0.0,1
-0.6601941747572816,0.6428532732566999,0.525547248243241,1.1803544247123166,0.23898967583759181,-0.3619990678128229,0.5427408412483039,-0.11074220736828787,-0.23271228565934726,-0.06444683136412459,4.0,2023.0,0.0,1.0,3.0,0.0,0.0,0.0,0
-0.32038834951456313,-0.05274793873842536,0.6870869315546331,-1.4291434237466436,0.115870160301415,-0.361655348819568,0.994572591587517,-0.6031046633514552,0.019076574183958427,-0.6766917293233082,1.0,2023.0,-1.0,1.0,1.0,0.0,1.0,0.0,0
1.4757281553398058,-0.6209356858707205,-0.34912511922535866,-0.18575429879495964,0.3000346331181119,0.20331294217872056,0.5739484396200815,-0.2349495306494742,-0.12624426119813797,-0.3631028791490922,3.0,2023.0,0.0,4.0,0.0,0.0,0.0,0.0,0
0.4368932038834951,-0.3477240328653397,-0.1600359257419329,-0.9674647078860131,-0.2721261295843431,-0.622866474381941,-0.37991858887381275,-1.4398918293856615,0.21658564240870432,-0.03383458646616534,4.0,2021.0,0.0,2.0,1.0,1.0,0.0,1.0,1
-1.029126213592233,0.2157242558461366,-0.1461805571390878,0.6964606152838883,-0.028741759904502145,0.027928313869469066,-0.4816824966078697,0.16117646515497197,0.00602481472652855,0.6090225563909776,1.0,2020.0,1.0,0.0,2.0,0.0,0.0,0.0,1
0.3786407766990291,0.6191782453393863,0.509161560529699,0.024053100454072572,-0.1097144613411685,-0.28975870559334244,-0.5359565807327001,0.0,-0.1794122869010976,-0.3631028791490922,2.0,2020.0,0.0,2.0,3.0,1.0,0.0,0.0,1
-1.1941747572815533,0.4100789871617797,-0.011668443071675319,-0.2882620704148583,0.625050479191181,-0.5234162549324524,-0.6960651289009498,-0.6218510272157856,-0.21464200768671193,0.12687969924812034,3.0,2020.0,1.0,0.0,2.0,1.0,0.0,1.0,1
0.8446601941747572,0.7433085724574247,0.5950732502281854,1.5870038226540533,-0.0007487784487070125,-0.0008864848300784171,0.1248303934871099,0.500080186115088,-0.0006589317735507509,0.07961079168509512,1.0,2022.0,0.0,2.0,3.0,0.0,0.0,0.0,1
-0.3592233009708738,-0.5311111160620863,-0.6630554741298954,1.5088235433079669,-0.4632124049728297,1.2894831814108503,0.23202170963364993,0.7115958471566509,-0.6848588516224063,0.2100077780658543,0.0,2022.0,1.0,1.0,0.0,0.0,0.0,0.0,0
-0.06796116504854369,0.9586970008603845,0.7441456742505413,-0.823649066946591,0.05324343896053282,-0.7834391732764114,0.4314789687924016,-1.2225294873053636,-0.7510807857766347,0.07961079168509512,1.0,2022.0,0.0,1.0,3.0,0.0,0.0,0.0,0
1.0388349514563107,0.058200970775145064,0.12090558856499001,0.15886742365074547,-0.406316537447985,-0.3911271341789015,0.3812754409769335,-0.5805386203856837,-0.02276397890571249,0.07961079168509512,1.0,2022.0,0.0,3.0,2.0,0.0,0.0,0.0,1
-0.9902912621359223,1.3118724065104355,0.9885822693559075,0.2983912284866131,0.7023560144758901,-0.7092418577550655,-0.3880597014925373,-0.5854152755591417,-0.9304348227310698,-0.16240601503759394,2.0,2021.0,0.0,0.0,3.0,1.0,0.0,0.0,0
-1.0776699029126213,-0.6549118913503463,-0.7487350048585759,-0.4873074076216274,0.18227946891616326,-0.16914220989517853,-0.3120759837177748,-0.7151796741113785,0.11077324458962863,0.44132069303694016,1.0,2021.0,1.0,0.0,0.0,0.0,0.0,0.0,0
-0.44660194174757284,1.295296473415525,0.6009928338398491,-0.05030683501072918,0.08695316139366897,-0.19469947007712834,0.383989145183175,0.6294475444958181,-0.2521935369667759,12.18045112781955,4.0,2022.0,1.0,1.0,3.0,1.0,0.0,1.0,0
0.8155339805825242,0.05845131520372332,0.7640497882592205,1.3019975976336877,-0.10260500033962916,-0.12581327422597385,-0.27408412483039346,-0.1482133424932763,-0.007353951348594877,-0.6766917293233082,3.0,2021.0,-1.0,2.0,2.0,1.0,0.0,0.0,1
-1.174757281553398,-0.624539543616807,-0.3516193341164176,-0.2736251629316783,-0.279007232906401,0.2375020247054488,-0.5454545454545454,-0.20193233928691334,-0.1483294061176086,0.6090225563909776,1.0,2020.0,0.0,0.0,0.0,0.0,1.0,0.0,0
-2.1941747572815533,-0.22835754104299794,0.5655445993988096,-1.022831760527563,1.472976810309597,-0.6713124400968518,-0.22523744911804613,-1.5236628586942802,0.1532992580920919,-0.6766917293233082,3.0,2021.0,-1.0,0.0,1.0,1.0,0.0,1.0,0
0.0,-0.358308859584753,-1.017276442809607,1.9127357015608362,0.0,0.796560503600031,-0.42740841248303935,0.4819721734314425,-0.28541468563518363,3.6090225563909772,3.0,2021.0,3.0,1.0,1.0,0.0,0.0,0.0,0
0.4368932038834951,0.24039629415041522,0.2470038717951194,0.7731512922200157,-0.26079336711449586,-0.5969270402842906,-0.7924016282225237,-0.9426627440008251,-0.14349904836251906,1.4661654135338344,4.0,2020.0,0.0,2.0,2.0,0.0,0.0,0.0,0
0.941747572815534,0.31974246911997295,-0.07419005007503814,-0.569415366602535,-0.11326482577746383,-0.12027089747503891,0.6784260515603799,0.044629639723723254,-0.03845571372194406,-0.03383458646616534,0.0,2023.0,1.0,3.0,2.0,0.0,1.0,0.0,1
-0.3592233009708738,-0.5620425067794492,-0.30836536781136326,0.1273309071518588,-0.22895173905768668,0.6373521384578845,0.723202170963365,0.2098766800411925,-0.358218993600112,-0.03383458646616534,1.0,2023.0,0.0,1.0,0.0,0.0,0.0,0.0,0
-0.3106796116504854,-0.12028495157862726,0.6403434395148349,0.6750258389736641,-0.41494194794443157,1.3355943949461393,-0.5318860244233379,1.033128002195849,-0.16065190712478233,-0.6766917293233082,4.0,2020.0,-1.0,1.0,1.0,0.0,1.0,0.0,0
0.9029126213592233,1.3118724065104355,1.6315634128644076,-0.5578230111619012,-0.7106595149548246,-0.7870745165628702,-0.8385345997286295,-0.9955227457250905,-1.0325413401463701,-0.6766917293233082,4.0,2020.0,-1.0,3.0,3.0,1.0,1.0,0.0,1
-1.4466019417475728,1.2885249187577492,0.12245977752591321,-2.1217042749903747,1.2995056720381701,-0.8983160014760505,0.4966078697421981,-2.2953119728098894,-1.1575025528207141,2.537593984962406,3.0,2022.0,3.0,0.0,3.0,1.0,0.0,0.0,1
-0.30097087378640774,0.2501730446420693,0.8967435921007068,0.5962036159278632,0.003131997193326885,-0.010406313255247393,-0.5481682496607869,0.1388002498650823,-0.0026033790705643637,-0.6766917293233082,3.0,2020.0,-1.0,1.0,2.0,0.0,0.0,0.0,1
0.1553398058252427,-0.0701392868304346,0.03208084652560405,0.9153564591838885,0.22812750956961322,1.4685708428543853,-0.18724559023066487,1.1542278146468545,-0.10300451157777683,0.7518796992481203,1.0,2021.0,0.0,1.0,1.0,0.0,0.0,0.0,1
0.34951456310679613,0.058674473258150825,-0.2548736133956001,2.2181156650514855,0.3548168709519484,1.0151704918902968,-0.8398914518317503,0.9406309268827563,0.05956459387888104,0.2756892230576441,3.0,2020.0,1.0,2.0,2.0,0.0,0.0,0.0,1
-0.3883495145631068,0.39266574311656516,0.9953651632476499,0.1880477594388219,0.028783816678737223,-0.07411832794774835,-0.5183175033921302,0.15841451211853966,-0.029103728322159884,-0.6766917293233082,1.0,2020.0,-1.0,1.0,2.0,0.0,0.0,1.0,0
0.02912621359223301,-0.9231787006252187,0.08464729618432718,-0.3882500291344535,0.008037245864113567,0.2759454413345658,0.6037991858887382,-0.3745307102373703,-0.25474695397469693,-0.6766917293233082,1.0,2023.0,-1.0,1.0,0.0,0.0,1.0,0.0,1
-1.9320388349514563,-0.3076704692318185,-0.7752584327380221,0.39511418978463303,-1.7799313772496956,0.9212710143553701,0.6268656716417911,0.6124607169421927,-0.2834478852763901,1.8947368421052633,3.0,2023.0,2.0,0.0,1.0,0.0,0.0,0.0,1
-0.5048543689320388,-1.4424822819251266,-0.9177076117899846,-0.16215843867149832,-0.14023439658652587,0.2777719778540801,-0.5563093622795116,-0.7407460483143163,-0.4006811564698092,-0.3909774436090225,1.0,2020.0,0.0,1.0,0.0,0.0,0.0,0.0,0
0.3592233009708738,0.22033833946084502,0.8760944954720482,0.6017412672845986,0.07296140404780184,0.2031087734303673,-0.3012211668928087,0.36109315365649197,0.04475264986757613,-0.6766917293233082,2.0,2021.0,-1.0,2.0,2.0,0.0,0.0,0.0,1
-0.7572815533980582,0.41974825870923826,-0.004976364937781899,1.29020929380434,-0.0713075630724417,0.09416255123668583,-0.7014925373134329,0.3832173527213746,0.03952456691721831,1.8947368421052633,4.0,2020.0,1.0,0.0,2.0,0.0,0.0,1.0,0
0.04854368932038835,-0.4892561558048588,-0.6340885628080773,0.5230847412230487,0.06731315154040493,1.3866509217323415,-0.819538670284939,0.8047975131315721,-0.6784274994100296,0.12687969924812034,1.0,2020.0,1.0,1.0,1.0,0.0,1.0,0.0,0
0.34951456310679613,1.1650399719442817,0.24398483765524465,1.9035880477118656,0.11366811636331112,0.3252171107061401,0.9986431478968792,1.1542278146468545,0.37889093353288184,4.144736842105263,4.0,2023.0,2.0,2.0,3.0,0.0,1.0,0.0,1
-0.2621359223300971,-1.0863970425500205,-0.02831883817170106,-0.2710198924689327,-0.32984965471693733,1.258315349475724,0.33242876526458615,0.2973011007514856,-1.367030074265722,-0.6766917293233082,4.0,2022.0,-1.0,1.0,0.0,0.0,0.0,0.0,1
0.13592233009708737,-1.2782714035283134,-0.16111828084547344,-0.269866345150102,0.07224566381518627,0.5315216694974418,0.10719131614654002,-0.3876981534512537,-0.6794289504742073,-0.6766917293233082,3.0,2022.0,-1.0,1.0,0.0,0.0,0.0,0.0,1
-0.7475728155339806,0.07979448557172038,0.7788217521386575,-1.027869092698101,0.03059746087454377,-0.04092907103997413,0.5495251017639078,-0.020351249855850843,-0.0032659141685631343,-0.6766917293233082,1.0,2023.0,-1.0,0.0,2.0,0.0,0.0,0.0,0
-0.1553398058252427,0.7413348126911284,0.21759357280394545,-1.5518270923605366,0.12091932341527552,-0.7784181444858362,0.6974219810040706,-1.3452603995909467,-0.5770684693377832,0.35187969924812035,2.0,2023.0,1.0,1.0,3.0,0.0,0.0,0.0,1
0.47572815533980584,1.253450802015529,0.948147997194874,-0.5324154778056902,-0.3261802849890806,-0.6856442725280674,0.6309362279511533,-0.5288546370195973,-0.8594213632976601,-0.2619451855445064,2.0,2023.0,0.0,2.0,3.0,0.0,0.0,0.0,1
0.1262135922330097,-0.46971337045409756,-0.24446461115225782,-0.5533367817133094,0.004863698599409168,0.03853545813378033,-0.9335142469470827,-0.31194691702619093,-0.018100619922010727,-0.16240601503759394,2.0,2020.0,0.0,1.0,1.0,0.0,0.0,0.0,0
-0.44660194174757284,0.7667323598042143,0.611285069140728,0.1631108204102419,0.2390705670754718,-0.535310182799426,-0.5970149253731343,-0.39919193993594165,-0.4104396396850292,-0.06444683136412459,1.0,2020.0,0.0,1.0,3.0,0.0,0.0,1.0,0
-2.2427184466019416,-0.13166674815372167,-0.010502465896171513,-0.15665184621123363,-0.4624693406684754,0.2062092731119176,0.3310719131614654,0.11486608459069085,-0.027150904429788868,0.0,4.0,2022.0,0.0,0.0,1.0,1.0,0.0,0.0,1
0.0,-0.2395190283700828,-0.08514720362246406,-0.3332642090263543,-0.0,-0.3000037907375976,-0.2225237449118046,-0.6259020820551784,0.07185661646481102,1.8947368421052633,1.0,2021.0,0.0,1.0,1.0,0.0,1.0,0.0,1
-1.5825242718446602,0.6099035755983385,1.1457190872119964,0.5538408408955434,-0.6653897133925042,0.42046098453636765,0.9796472184531886,0.8510191367044652,0.25644065786832837,-0.6766917293233082,3.0,2023.0,-1.0,0.0,3.0,0.0,0.0,0.0,1
0.9029126213592233,0.42387113134255666,1.0169629324529852,-0.45161279520944986,-0.18336996135758404,-0.20308716150356082,0.3514246947082768,-0.0007587224903177511,-0.08608278490766284,-0.6766917293233082,0.0,2022.0,-1.0,3.0,2.0,0.0,0.0,0.0,1
-0.2524271844660194,-1.3683477631430767,-0.8664006467783589,0.42334653986192977,-0.27864411781939524,1.103859389822989,0.9280868385345997,-0.007983809033758043,-1.5104635268887685,-0.309344790547798,3.0,2023.0,0.0,1.0,0.0,0.0,0.0,0.0,1
0.33980582524271846,1.0866768985658437,0.18974977803379028,0.19511695576832935,-0.19183962274847033,-0.5645566040883555,-0.5671641791044776,-0.25009747823904377,-0.613490619595599,0.7518796992481203,4.0,2020.0,2.0,2.0,3.0,0.0,0.0,0.0,1
0.9320388349514563,1.009116012007286,1.4220206670230935,-0.7463782014975512,-0.35313756631241644,-0.3788871805226968,0.7449118046132972,0.11702105046771039,-0.38234112060974845,-0.6766917293233082,1.0,2023.0,-1.0,3.0,3.0,0.0,0.0,0.0,1
-1.058252427184466,-0.6037477888588039,0.30573075329173055,1.8175250081307364,-1.3106547230645436,1.2385085915197063,-0.32971506105834464,0.6261215475367314,-0.7477468236126542,-0.6766917293233082,1.0,2021.0,-1.0,0.0,0.0,0.0,0.0,0.0,0
-0.5436893203883495,-0.0007686298067487183,0.0800925012986898,-0.4506038874183079,0.22297222045870366,-0.4101096197722585,0.9932157394843962,-0.659878664359485,0.0003152224777913414,0.03759398496240601,3.0,2023.0,0.0,1.0,1.0,0.0,1.0,0.0,1
-0.22330097087378642,0.29657846193887294,0.928861554722907,-1.12025948262116,0.09722178261948979,-0.43538450477423685,-0.6540027137042063,-0.5010438945263737,-0.12912566677796106,-0.6766917293233082,3.0,2020.0,-1.0,1.0,2.0,0.0,0.0,0.0,1
-0.6019417475728155,0.10892254598205152,0.7989817681456818,-0.34851221503185803,0.1253351668974812,-0.20821809984581557,0.05563093622795115,-0.231730517795415,-0.02267964555475124,-0.6766917293233082,3.0,2022.0,-1.0,1.0,2.0,0.0,0.0,0.0,1
1.3495145631067962,-0.543229403955585,-0.29534487796070263,-0.7741253506328765,-0.5394573564723419,-0.39974178213418143,0.6037991858887382,-1.0236768620305126,0.21715149004489473,-0.309344790547798,2.0,2023.0,0.0,3.0,0.0,0.0,0.0,1.0,1
-0.6601941747572816,-0.6407872913001867,-0.7389597336688244,0.13029611689622647,0.07331199495704523,-0.11104611000846555,-0.10990502035278155,-0.6234992965958739,0.07115693604174719,0.07961079168509512,1.0,2021.0,1.0,1.0,0.0,0.0,1.0,0.0,0
-0.42718446601941745,-0.12124937072697763,0.6396759489509479,0.059465508782423855,0.07980078581958894,-0.18680638498676502,-0.03934871099050204,-0.36281587649477615,0.02265015662742678,-0.6766917293233082,4.0,2021.0,-1.0,1.0,1.0,0.0,0.0,0.0,0
0.1650485436893204,0.8423624100842497,1.3066077203098605,-0.19882443994777957,0.012780875543763604,0.0774370694710383,0.9877883310719131,0.6635808004804501,0.0652300764694853,-0.6766917293233082,4.0,2023.0,-1.0,1.0,3.0,0.0,0.0,0.0,0
-0.9320388349514563,0.33644050225048716,-0.7055801772890704,0.022055994711260005,0.010694154456985844,-0.011473936552807729,-0.1248303934871099,0.19861758485067119,-0.0038602969766168556,1.7958357432041645,2.0,2021.0,4.0,0.0,2.0,0.0,0.0,1.0,0
-0.30097087378640774,-0.39873119051888367,-0.1953379469903219,0.0849890276546959,-0.12984065758181776,0.43140605583636227,0.22930800542740842,0.14620268419640978,-0.17201505024068872,-0.29854046881910656,3.0,2022.0,0.0,1.0,1.0,0.0,0.0,0.0,0
0.2524271844660194,0.5198686261238857,1.0834043983165829,1.5650387494324771,0.06902529854925588,0.2734463750220521,-0.858887381275441,0.645728291816022,0.14215619130127105,-0.6766917293233082,2.0,2020.0,-1.0,2.0,3.0,0.0,0.0,1.0,1
-0.2524271844660194,-2.3912961219804156,-0.9314612361989172,1.7970473432039837,-0.5351058820326917,2.119842532667971,0.7014925373134329,-0.10531126671702226,-5.069171227578061,-0.6766917293233082,2.0,2023.0,-1.0,1.0,0.0,0.0,0.0,0.0,0
-0.06796116504854369,0.8230920299060068,0.007323385174701994,-0.7857189997176095,0.013184047218148223,-0.1939938376384667,0.3175033921302578,0.2958182130780024,-0.15967478161110185,3.6090225563909772,1.0,2022.0,2.0,1.0,3.0,1.0,0.0,0.0,0
-0.4077669902912621,-1.4996793881588812,-0.3143584366044233,-0.06497252548175886,-0.46285140353176557,1.1350879658040918,-0.16689280868385345,-0.07935910931536755,-1.7022680260635894,-0.6766917293233082,2.0,2021.0,-1.0,1.0,0.0,0.0,0.0,0.0,1
-1.174757281553398,-0.39215825484705435,-0.5668890215595859,-0.04782823842158202,-0.5716265334544967,0.4865911813703567,-0.9348710990502035,0.2007462438259285,-0.1908207485101656,0.12687969924812034,3.0,2020.0,1.0,0.0,1.0,0.0,1.0,0.0,0
0.2524271844660194,-1.00108176372063,-0.61222140621677,0.9586596493349868,0.06614205980953301,0.2620243138608423,0.20488466757123475,-0.44377751961045586,-0.2623077622574999,-0.34702139965297857,0.0,2022.0,0.0,2.0,0.0,0.0,0.0,1.0,0
1.3689320388349515,-1.141815273297846,-0.7096213121153303,-1.5393364012718114,-0.7850192005682052,-0.5734537422590434,-0.9416553595658074,-1.8541456785310273,0.6547782414411822,-0.0922761449077238,2.0,2020.0,0.0,3.0,0.0,1.0,0.0,0.0,0
0.019417475728155338,0.832791078318758,0.6570049326316161,-0.9204064723168203,-0.008285878829994308,-0.4267227597447069,-0.9647218453188603,-0.10296095425096101,-0.35537090723095077,-0.309344790547798,3.0,2020.0,0.0,1.0,3.0,0.0,0.0,0.0,1
0.0,0.8901168869553504,0.32056600428495197,0.5790360010771064,0.0,0.45402318431840055,0.2537313432835821,1.0803140093393577,0.40413370343105,0.2756892230576441,3.0,2022.0,1.0,1.0,3.0,0.0,1.0,0.0,1
0.5436893203883495,0.17794365679643384,0.20378006054320774,1.4167044270673483,0.3261226111450562,0.5998326597846569,-0.592944369063772,0.7029667559176807,0.10673641694801306,0.1804511278195489,3.0,2020.0,0.0,2.0,2.0,1.0,0.0,1.0,1
-0.9805825242718447,-0.13843137142541936,0.6277839999425466,0.3335265420362253,-0.9038210614978484,0.921718508260182,-0.5861601085481682,0.7327436810087518,-0.12759475716664873,-0.6766917293233082,4.0,2020.0,-1.0,0.0,1.0,0.0,0.0,0.0,1
1.3300970873786409,0.2829162476666685,-0.09967732123896304,0.15517230542261737,1.0629976882465872,0.7991880429883101,0.32700135685210313,0.9384910493545864,0.22610328230232088,-0.049514028974876154,0.0,2022.0,1.0,3.0,2.0,1.0,0.0,0.0,1
0.1650485436893204,-0.038923158950866156,0.05368562301968786,0.21467851027359539,0.01675204233906537,0.10149766828963136,-0.8602442333785617,0.06645920651882566,-0.003950609875979609,-0.0922761449077238,3.0,2020.0,0.0,1.0,1.0,0.0,0.0,0.0,1
1.2718446601941749,-1.1324151597193115,-0.7031156244264122,-0.6023892156506268,1.3854023692572264,1.0892858323167505,-0.34599728629579374,0.14903409118486888,-1.233523789782956,-0.3631028791490922,3.0,2021.0,0.0,3.0,0.0,1.0,0.0,0.0,1
-0.5631067961165048,0.4441289846066938,-0.2549539425500111,-0.5695310989670408,0.26435977643171715,-0.4694664995252908,-0.6702849389416553,-0.4702939530433162,-0.2085036797410263,1.0003269042170644,3.0,2020.0,2.0,1.0,2.0,0.0,0.0,0.0,0
1.4174757281553398,-0.4977559553046975,-0.6399710939580284,-0.9117096863156783,0.16606485413168082,0.11715534229837755,0.18317503392130258,-0.24111351106244439,-0.058314769324777756,0.12687969924812034,2.0,2022.0,1.0,3.0,1.0,0.0,0.0,0.0,1
0.6116504854368932,-1.3524179121639357,-1.2314514782416526,0.0900040565869346,1.1211068162266908,1.832920667799193,0.344640434192673,0.46704140706088715,-2.478874742707111,0.3947368421052631,1.0,2022.0,1.0,2.0,0.0,0.0,0.0,0.0,1
0.4368932038834951,-0.44497053209507503,-1.0772503038686225,1.5571899092785368,0.6592413320738117,1.508930160080058,0.46132971506105835,0.9139850289838974,-0.6714294562251302,2.0300751879699246,4.0,2022.0,3.0,2.0,1.0,0.0,1.0,0.0,1
0.18446601941747573,1.1061533227627771,0.20322939809576884,0.2903744028093886,-0.09494051982911625,-0.5146775548631038,-0.46132971506105835,-0.10688743143163461,-0.5693122874632438,0.9304511278195489,2.0,2021.0,2.0,1.0,3.0,0.0,1.0,0.0,0
-0.18446601941747573,0.5830139004789142,1.1271082949658018,-0.24019502980156712,0.08419281583009244,-0.4564136858157643,-0.7896879240162822,-0.3430337612613291,-0.26609552319940644,-0.6766917293233082,4.0,2020.0,-1.0,1.0,3.0,0.0,0.0,1.0,0
0.941747572815534,-0.38107001567405147,-0.5592150539822772,-0.7790291450577264,0.25032841181517834,0.26581264347384914,-0.8113975576662144,-0.0005148065226695645,-0.10129322821494074,0.6090225563909776,3.0,2020.0,1.0,3.0,1.0,0.0,0.0,0.0,1
0.11650485436893204,-0.38155709976534635,-0.1834517735021273,-0.14826546309007965,0.09137782837957693,0.7843263602580354,-0.12211668928086838,0.4559729488720618,-0.2992652912895662,-0.20050125313283207,3.0,2021.0,0.0,1.0,1.0,0.0,0.0,0.0,0
-1.5242718446601942,-0.3593443847407784,-0.16807836680030722,-1.031138804921721,0.7544198513704906,-0.4949378642749079,0.9063772048846676,-1.0981337969534049,0.17785314232278165,-0.3552631578947368,3.0,2023.0,0.0,0.0,1.0,0.0,0.0,0.0,0
-0.8640776699029126,1.3118724065104355,0.9885822693559075,-0.7655541165936919,0.7504799531306234,-0.8685329794657778,-0.5359565807327001,-1.745771000799105,-1.1394044499054485,0.12687969924812034,3.0,2020.0,0.0,0.0,3.0,0.0,1.0,0.0,1
-0.13592233009708737,0.3304555975053434,-0.33362584180283694,0.46471480529259535,0.0553472015312325,-0.4071972684083534,-0.45861601085481685,-0.4192911352545715,-0.13456061663442612,2.290341237709659,2.0,2021.0,2.0,1.0,2.0,0.0,1.0,0.0,0
0.24271844660194175,0.3056490934320777,0.9351394899345481,-1.0660885104954678,-0.14745739977595265,-0.607524487076925,-0.7666214382632293,-0.9285689933826864,-0.1856893087128501,-0.6766917293233082,3.0,2020.0,-1.0,2.0,2.0,0.0,0.0,0.0,1
-0.038834951456310676,0.7278128844539219,0.5843485435631628,-0.21427287385127278,0.020177164416514577,-0.5195619837252504,0.23337856173677068,-0.3870723287174049,-0.3781439060276761,-0.2870813397129186,3.0,2022.0,0.0,1.0,3.0,0.0,1.0,0.0,1
0.9514563106796117,0.09132397536282277,-0.7061042065188035,0.513859432751014,-0.11163527430784707,-0.11733095156845151,0.37991858887381275,-0.11322115432546725,-0.010715128930333818,1.30133024869867,2.0,2022.0,3.0,3.0,2.0,0.0,0.0,0.0,1
-1.5145631067961165,-0.3090099174821875,-0.1332418891351557,-0.4370027110860535,0.11967679034751087,-0.07901736798585654,0.3066485753052917,-0.34535839591311634,0.024417150360969173,0.12687969924812034,2.0,2022.0,0.0,0.0,1.0,0.0,1.0,0.0,1
0.11650485436893204,-0.2585959005265116,-0.4744527517567591,2.3261573250822303,0.18646396090707862,1.6004823311190914,0.7394843962008141,1.1028997665671636,-0.41387816969251195,0.2100077780658543,1.0,2023.0,1.0,1.0,1.0,0.0,0.0,0.0,1
-1.4077669902912622,-0.15827850922562467,-0.40502448387914697,0.49499002493052846,-0.5031993941275762,0.3574450868630369,-0.0027137042062415195,0.24739403567142249,-0.05657587547870539,0.3947368421052631,4.0,2021.0,1.0,0.0,1.0,0.0,0.0,0.0,0
0.5922330097087378,-0.1306324585653738,-0.009786631774330368,0.1942419247585402,0.18746832696134216,0.31654487995111874,-0.7001356852103121,0.2274295760224613,-0.041351035914295745,-0.29854046881910656,1.0,2020.0,0.0,2.0,1.0,1.0,0.0,1.0,1
-0.06796116504854369,0.48442987811063326,0.41590113975101584,1.186921258776186,-0.008995093561134378,0.13235637668526298,-0.39348710990502034,0.47193241110319695,0.06411738342480701,0.24167561761546721,3.0,2021.0,0.0,1.0,3.0,0.0,0.0,0.0,1
0.3300970873786408,-0.058927373788489286,-0.8100878890015419,-1.6935069959527411,-0.16070617194434714,-0.4868451679490516,0.34599728629579374,-0.8663489956244927,0.028688507188853605,2.0300751879699246,2.0,2022.0,3.0,2.0,1.0,0.0,0.0,1.0,1
-0.6699029126213593,0.4884592059986737,0.04257834404676853,1.1616328800385987,-0.29908534851905655,0.4464607376443887,0.24830393487109906,0.7887637951410005,0.21807785741936028,0.7518796992481203,2.0,2022.0,1.0,0.0,3.0,0.0,1.0,0.0,1
1.0,-0.165608667748931,-0.41009759209390845,0.9098105171734079,0.07081213238852622,0.07081213238852622,0.08548168249660787,-0.05849277228045812,-0.011727102905324754,4.466165413533835,3.0,2022.0,1.0,3.0,1.0,1.0,1.0,0.0,1
0.8155339805825242,-0.03746497884037361,-0.3214108314795539,0.3260316017482533,0.4493555133277316,0.5509954508661471,0.38670284938941657,0.508618315478094,-0.020643032907842317,0.3123192596876808,1.0,2022.0,1.0,2.0,1.0,0.0,0.0,0.0,1
0.4563106796116505,-0.5508515120165607,-0.9435549063657471,-1.0086021816152166,-0.1284477780231995,-0.28149193907211806,0.29579375848032563,-0.8154532055729476,0.15506026025834982,0.8068247541931753,3.0,2022.0,2.0,2.0,0.0,0.0,0.0,0.0,0
-0.0970873786407767,0.6361738068959766,0.14481153630849286,-0.6597818504020936,0.07133535324664168,-0.7347541384404094,0.7788331071913162,-1.1816479690464026,-0.4674313373842086,0.44132069303694016,3.0,2023.0,1.0,1.0,3.0,0.0,0.0,0.0,0
0.4563106796116505,0.17793121997093136,0.20377145295165516,0.28779369144926725,0.2301839020738606,0.5044455726299498,0.19402985074626866,0.6206432510273329,0.08975661614698204,-0.03383458646616534,3.0,2022.0,0.0,2.0,2.0,0.0,0.0,0.0,1
0.0,0.7018597995151278,0.19027286189345158,2.057012494664046,-0.0,-0.14204820836212056,0.5753052917232022,0.2851370249962358,-0.09969792704252103,3.6090225563909772,1.0,2023.0,1.0,1.0,3.0,1.0,0.0,0.0,0
0.6699029126213593,-2.4296612910966364,-1.6008945964974788,1.134859278008825,0.8113750553747235,1.2111830536753119,-0.4735413839891452,-0.6864159665701846,-2.942764581947125,0.07961079168509512,4.0,2020.0,0.0,2.0,0.0,0.0,0.0,0.0,1
1.2815533980582525,1.3118724065104355,0.6124651492018113,-0.357105771213723,-0.9306283792460913,-0.7261721444117227,0.37720488466757124,-0.6618031471187696,-0.9526451986302502,0.7518796992481203,3.0,2022.0,1.0,3.0,3.0,0.0,0.0,0.0,1
0.8349514563106796,-0.2129516612232331,-0.4428630386353664,0.00411012323739611,0.9741054925191438,1.166661229412463,0.8208955223880597,0.8543660910322773,-0.24844244688812347,1.30133024869867,4.0,2023.0,1.0,2.0,1.0,0.0,0.0,0.0,0
-0.5631067961165048,0.7904568003932045,0.25159099245349253,-1.3105020628635782,0.3927282348787429,-0.69743117573294,-0.2021709633649932,-0.9047842810011513,-0.5512892156643305,0.547798066595059,2.0,2021.0,1.0,1.0,3.0,0.0,0.0,0.0,0
0.2815533980582524,-0.9369399625446693,-0.9439179310733329,1.9035880477118656,0.7159008540446958,2.5426823436759887,0.576662143826323,1.1542278146468545,-2.3823406998467727,0.2756892230576441,3.0,2023.0,1.0,2.0,0.0,0.0,0.0,0.0,0
-1.0,0.39206732913938214,-0.024134261975839576,-0.5342020267600833,0.5432652603560034,-0.5432652603560034,0.4694708276797829,-0.6853281873313121,-0.21299655964198932,-0.10526315789473678,4.0,2022.0,1.0,0.0,2.0,0.0,0.0,0.0,0
0.44660194174757284,-0.9478035525033994,-0.5753481120720232,-0.467962269793605,0.6223528920606198,1.3935293017879096,-0.8493894165535957,0.48423226171878236,-1.3207920227521626,-0.16240601503759394,4.0,2020.0,0.0,2.0,0.0,1.0,1.0,0.0,1
0.3592233009708738,0.058674473258150825,0.7642042396674495,0.02779311869455771,-0.0708132195211158,-0.19712869218040344,0.18588873812754408,-0.2506475126574249,-0.011566422177753327,-0.6766917293233082,2.0,2022.0,-1.0,2.0,2.0,0.0,0.0,0.0,0
-1.4466019417475728,1.3118724065104355,0.6124651492018113,-0.28132685686718367,0.4476479801528718,-0.30944793258889797,-0.7082767978290366,0.4574783291374775,-0.4059562040150766,0.4921394395078606,1.0,2020.0,1.0,0.0,3.0,1.0,0.0,1.0,1
-0.8932038834951457,-0.254038411560952,0.5477704409611044,0.672922082649477,0.1407509542684604,-0.1575798727136024,0.9497964721845319,-0.41441019965092585,0.04003134055814056,-0.6766917293233082,2.0,2023.0,-1.0,0.0,1.0,0.0,0.0,0.0,0
-0.21359223300970873,0.07415012146742447,0.7749151936830275,-0.943918742092808,0.02494215076459822,-0.11677461494334622,0.6404341926729986,-0.12462970074858584,-0.008658851882360843,-0.6766917293233082,2.0,2023.0,-1.0,1.0,2.0,0.0,0.0,0.0,0
-0.23300970873786409,0.5989732382179002,0.11906501746066345,-0.42223622426910407,0.061225336625013844,-0.26275873634901775,-0.7489823609226595,0.03018031549654054,-0.15738545118101463,0.44132069303694016,1.0,2020.0,1.0,1.0,3.0,0.0,0.0,0.0,1
-0.9320388349514563,0.2979065945759274,0.28680709288901785,-1.3867028941717943,0.5100539121173563,-0.5472453432092469,-0.7259158751696065,-0.76251101870996,-0.16302799659300135,-0.42943898207056097,1.0,2020.0,0.0,0.0,2.0,0.0,0.0,0.0,1
0.3106796116504854,0.020260252184883663,0.737617117118783,0.36159470971968183,0.1757137970143631,0.5655787841399813,0.21031207598371776,0.5620766934068226,0.011458768797095903,-0.6766917293233082,4.0,2022.0,-1.0,2.0,2.0,0.0,0.0,1.0,1
0.0,0.1927861782492867,0.8570251855616594,-0.01458077191499894,-0.0,-0.3408055933774651,-0.2835820895522388,-0.39092769609868677,-0.06570260787322191,-0.6766917293233082,1.0,2021.0,-1.0,1.0,2.0,0.0,0.0,0.0,0
-0.14563106796116504,1.3118724065104355,0.9885822693559075,-0.9860256223745414,0.08650892106259514,-0.59402792462982,-0.898236092265943,-0.17463912328764394,-0.7792888430185215,-0.0922761449077238,3.0,2020.0,0.0,1.0,3.0,0.0,1.0,0.0,0
-0.5825242718446602,-0.14703450184224753,-0.02113852100107305,-0.5147633793097715,0.2368673993643409,-0.4066223689087852,0.10583446404341927,-0.756554363828156,0.05978751745041784,0.9304511278195489,1.0,2022.0,0.0,1.0,1.0,0.0,0.0,0.0,0
0.8155339805825242,0.061015198416143814,-0.52010086920658,-1.3026292622096827,-0.6499331710276346,-0.7969418644743615,-0.19810040705563092,-1.9479882471268937,-0.04862556598703476,0.3947368421052631,2.0,2021.0,2.0,2.0,2.0,0.0,0.0,1.0,0
1.2912621359223302,0.7441944414212771,0.21957272646762266,-0.4432753920399621,-0.5386253978055682,-0.41713094717273325,-0.7666214382632293,-0.14608652963765875,-0.31042653223074046,0.12687969924812034,1.0,2020.0,1.0,3.0,3.0,0.0,0.0,0.0,1
-0.36893203883495146,0.7883202091992676,0.6262262211718056,0.3072799645013141,-0.229491887045101,0.6220437990959317,0.621438263229308,1.1542278146468545,0.49036969783441203,-0.27490601503759393,1.0,2023.0,0.0,1.0,3.0,0.0,0.0,0.0,0
-0.46601941747572817,0.8538631008892117,0.6715890835053732,0.3837290406779596,-0.0060284381003319525,0.01293602342362898,0.8466757123473542,0.5953476469558298,0.011045593073675317,0.3947368421052631,3.0,2023.0,0.0,1.0,3.0,0.0,0.0,0.0,0
0.3883495145631068,0.6305063570765218,-0.3329488174344489,0.6775690891593905,-0.11793543645144759,-0.30368374886247756,0.5318860244233379,-0.015552878003619233,-0.19147453419862207,0.6419895893580104,4.0,2023.0,3.0,2.0,3.0,0.0,0.0,0.0,1
-0.27184466019417475,-1.0198463149136971,-1.00129429258577,-0.6586249021738264,-0.14569136083231252,0.5359360773474353,0.6621438263229308,-0.2006984045955773,-0.5465724335120841,3.6090225563909772,1.0,2023.0,1.0,1.0,0.0,0.0,0.0,1.0,1
-0.10679611650485436,0.05473705155133801,0.11850819583991014,-0.40425487781468983,-0.00026240293988207463,0.002457045709804881,-0.5373134328358209,0.016156906566998235,0.00013449143768158367,-0.24812030075187966,2.0,2020.0,0.0,1.0,2.0,1.0,1.0,0.0,0
0.5825242718446602,-1.0225326119703801,-0.6270672981003639,1.6768755201181118,0.7969940546401768,1.3681731271323037,-0.4450474898236092,0.41486875740517054,-1.3990016413142774,-0.41430105876937245,2.0,2021.0,0.0,2.0,0.0,1.0,0.0,1.0,1
-1.4757281553398058,0.1426664917374535,0.1793645566739195,-0.3776117776930405,0.8218107204742,-0.5568848961108066,-0.55359565807327,-0.8982491551260926,-0.07944881442970504,0.4921394395078606,4.0,2020.0,0.0,0.0,2.0,0.0,0.0,0.0,1
1.029126213592233,-0.707252036122813,0.23409373894053345,0.9916231238205876,1.750408431100132,1.7008685698425812,0.5481682496607869,0.8459205302523811,-1.2029427591984625,-0.6766917293233082,3.0,2023.0,-1.0,3.0,0.0,0.0,0.0,0.0,1
0.05825242718446602,-0.15227728047733108,-0.667715469092535,0.34873147484613737,0.04014146602158813,0.6890951667039296,0.9104477611940298,0.542741017062155,-0.1049335379757475,0.9304511278195489,3.0,2023.0,2.0,1.0,1.0,0.0,0.0,1.0,1
-0.3106796116504854,0.1636767519248075,-0.1822023185279831,0.3501493484905364,-0.134048116225304,0.43146737410019725,0.4531886024423338,0.5448723442901107,0.0706211783542461,0.9304511278195489,3.0,2022.0,1.0,1.0,2.0,0.0,0.0,1.0,0
-0.06796116504854369,0.15772181454289544,0.8327565551194399,-0.02443040682438492,-0.014815275361406447,0.21799619460355202,0.7788331071913162,0.3323044394472987,0.03438275537631837,-0.6766917293233082,3.0,2023.0,-1.0,1.0,2.0,0.0,1.0,0.0,0
-0.02912621359223301,0.23859096678586622,-0.773298300209949,-0.36735921788579284,0.0029287178995385695,-0.10055264788415755,0.29850746268656714,0.013991768454396992,-0.023990953471559936,2.118339326577313,0.0,2022.0,4.0,1.0,2.0,0.0,0.0,0.0,0
-1.3398058252427185,1.1969851021236384,1.5520479949885158,-0.7215034373866116,0.30434043253589577,-0.2271526416753425,-0.1994572591587517,0.5104275053887611,-0.27189832799341407,-0.6766917293233082,2.0,2021.0,-1.0,0.0,3.0,0.0,0.0,0.0,1
1.1650485436893203,0.2640133097096005,0.263349345574506,0.5180122932776967,0.3006426570038901,0.25805161392833903,-0.12347354138398914,0.44883504958112763,0.06812906066912483,-0.2175080558539205,4.0,2021.0,0.0,3.0,2.0,0.0,0.0,0.0,0
0.038834951456310676,-0.2970398366827754,-0.7679013181384355,-0.7122765128618256,-0.0010542707937598386,-0.027147472939315846,-0.8181818181818182,-0.2699666838441756,0.008063880928244444,2.8298017771701978,3.0,2020.0,2.0,1.0,1.0,0.0,0.0,0.0,1
0.34951456310679613,-0.37881306630505873,-0.1815526299403168,-0.18684949429163497,-0.038553218559018616,-0.11030504198830327,-0.9050203527815468,-0.43681876451105633,0.04178499118449741,-0.11768551814318402,3.0,2020.0,0.0,2.0,1.0,0.0,0.0,1.0,1
0.7475728155339806,0.855825347199805,0.29683272646321895,-0.626456359918303,-0.2558176806967718,-0.3421976767762012,0.41112618724559025,0.07648971544022527,-0.29286144553795906,1.30133024869867,3.0,2022.0,1.0,2.0,3.0,0.0,1.0,0.0,1
-0.7864077669902912,-1.0878787062254527,-1.0483767323071298,1.5120708832154846,-2.1615969829471546,2.7486973980686042,-0.09769335142469471,1.1542278146468545,-2.990249369216141,0.6766917293233082,2.0,2021.0,1.0,0.0,0.0,0.0,0.0,0.0,0
0.0,0.37970429329236205,0.34341981116100445,-1.5303226307060234,-0.0,-0.6284673947971534,0.12754409769335143,-0.9425476151471663,-0.23863176799874503,-0.27490601503759393,3.0,2022.0,0.0,1.0,2.0,0.0,0.0,0.0,1
-0.20388349514563106,-0.27246291103665204,-0.750892412476086,-0.10576686785561436,0.10757224848651127,-0.5276162663862219,0.1383989145183175,-1.1161203838713096,0.1437558638498797,4.144736842105263,3.0,2022.0,2.0,1.0,1.0,0.0,0.0,1.0,1
0.6601941747572816,-0.33998696908328535,-0.15468110592830847,0.41308526829368464,0.2399188597382733,0.36340650813297276,-0.417910447761194,0.12429400417501525,-0.1235534772452697,-0.16240601503759394,2.0,2021.0,0.0,2.0,1.0,0.0,0.0,0.0,1
-1.6504854368932038,1.0055900479559001,0.4004854116475739,-0.42604745369114017,0.6896221663613707,-0.41782990079541876,-0.024423337856173677,0.03775608815409392,-0.42016558997827413,0.0,3.0,2021.0,1.0,0.0,3.0,0.0,0.0,0.0,0
-0.06796116504854369,-0.22136817673499534,-0.4486879900548054,0.2814826573122567,-0.01929234389828096,0.2838730602175627,-0.033921302578018994,0.13081483085916687,-0.0628404617645454,0.44132069303694016,4.0,2021.0,1.0,1.0,1.0,0.0,0.0,0.0,0
-0.46601941747572817,0.00028300693577421884,-0.29528582403139453,-0.07198396360088358,-0.08557051281985895,0.18362005875928064,-0.19674355495251017,0.18447616725857358,5.1965750176146024e-05,0.35187969924812035,1.0,2021.0,1.0,1.0,2.0,0.0,0.0,0.0,0
0.33980582524271846,-0.23987659915816828,0.5575720673209336,-0.009864823343487034,0.007006296756663771,0.020618530455324812,0.6594301221166893,-0.1705374131831255,-0.0049459029652624345,-0.6766917293233082,2.0,2023.0,-1.0,2.0,1.0,0.0,0.0,0.0,1
0.36893203883495146,-0.08817200338476824,0.01960035342967018,0.3277357348889564,0.5359115896908415,1.4526024667935968,-0.07327001356852103,1.1313193665165544,-0.1280788696188477,-0.27490601503759393,2.0,2021.0,0.0,2.0,1.0,0.0,0.0,1.0,1
-0.5436893203883495,-0.9822685615144551,-1.4490749714831652,-0.8203007600389508,0.18340572454241227,-0.3373355290690797,0.22930800542740842,-1.2174724573600273,0.33135408488640256,1.5593331153971886,3.0,2022.0,3.0,1.0,0.0,1.0,0.0,0.0,0
-0.5436893203883495,-1.2587120003823773,-0.14758089198555274,0.9809240162107622,-0.14023351393497313,0.25792949884468275,0.8073270013568521,-0.6305204244265572,-0.3246589554484147,-0.6766917293233082,1.0,2023.0,-1.0,1.0,0.0,0.0,0.0,0.0,0
-0.07766990291262135,1.1815401450537535,0.8983778129235436,0.34136374769713845,0.04078710312845973,-0.525133952778919,0.7489823609226595,-0.07938403634198768,-0.620466846739055,-0.23334197562872697,3.0,2023.0,0.0,1.0,3.0,0.0,0.0,0.0,0
-0.6893203883495146,0.24459553063012374,0.8928833017079986,-0.8415730172744275,0.4736275044607551,-0.687093421964194,0.7978290366350068,-1.2496030598275751,-0.16805998013779955,-0.6766917293233082,4.0,2023.0,-1.0,0.0,2.0,0.0,0.0,0.0,0
0.6601941747572816,-0.8979281849100086,-0.9169192556992162,0.7154171725541517,0.33852084079188566,0.5127595088465327,-0.4314789687924016,-0.13455551235099888,-0.46042121507391454,0.3123192596876808,2.0,2021.0,1.0,2.0,0.0,0.0,0.0,0.0,0
-0.2815533980582524,-1.8323252559498762,-2.0372840058020945,0.7556190617419346,-1.0781614112572029,3.8293319089479967,-0.8968792401628223,1.1542278146468545,-7.016581570180166,1.2280701754385963,4.0,2020.0,3.0,1.0,0.0,0.0,0.0,0.0,0
-2.2427184466019416,-0.6145228827507331,-0.9876190590873716,0.18042405141324547,-1.020915905454678,0.4552135855490555,-0.4491180461329715,0.014956551881436868,-0.27973916485890304,2.078410311493018,4.0,2021.0,2.0,0.0,0.0,1.0,0.0,0.0,0
-0.2815533980582524,-1.1646592405104843,-0.082485409560308,1.5167811036878631,-0.32625183541884206,1.1587565189014046,-0.4151967435549525,0.17440505143528143,-1.3495564872402825,-0.6766917293233082,1.0,2021.0,-1.0,1.0,0.0,0.0,0.0,0.0,0
-0.8058252427184466,1.2197460809882104,0.9248205735621295,-0.7897832750797316,0.6208653422052933,-0.7704714487607857,0.8344640434192673,-0.9585494239235514,-0.9397795301392771,-0.1821862348178137,1.0,2023.0,0.0,0.0,3.0,0.0,0.0,0.0,0
0.0,0.7113545294821377,1.2159349829981734,-1.023420217119616,-0.0,-0.5471789368348307,0.31886024423337855,-0.46931293857156114,-0.3892382151546773,-0.6766917293233082,4.0,2022.0,-1.0,1.0,3.0,1.0,0.0,1.0,1
0.0,-0.6540774582421534,-0.37206239376408984,-0.20233106079037827,0.0,0.177315220111589,-0.8046132971506106,-0.28604370418297376,-0.11597788847823609,-0.3909774436090225,4.0,2020.0,0.0,1.0,0.0,0.0,0.0,0.0,0
0.0,1.3118724065104355,0.34560772153501385,-0.3422443021840391,-0.0,-0.6161655038856525,-0.6987788331071914,-0.2423615013367026,-0.808330522391186,0.7008592910848549,1.0,2020.0,2.0,1.0,3.0,1.0,0.0,0.0,1
1.0388349514563107,0.6887965571692919,1.2003222344489537,0.3547461095951403,0.5127159340739825,0.49354898326747854,-0.6580732700135685,0.9730794100511401,0.3399548404690437,-0.6766917293233082,0.0,2020.0,-1.0,3.0,3.0,0.0,0.0,0.0,1
0.2524271844660194,-0.36191444314183124,-0.8127988550293471,0.2690135035395182,0.1829601378976303,0.7248036232098432,0.28222523744911804,0.42290305301724773,-0.26231689968117206,0.6090225563909776,1.0,2022.0,2.0,2.0,1.0,0.0,0.0,0.0,1
0.0,-2.110558059360463,-1.756099674824581,-0.9068673619930421,0.0,0.6886485409324904,0.4898236092265943,-0.845546519822804,-1.4534327281318913,1.6609706083390294,4.0,2022.0,1.0,1.0,0.0,0.0,1.0,0.0,0
0.3592233009708738,1.3118724065104355,0.6124651492018113,0.2944689711673127,-0.16182348606046648,-0.45048159633048773,0.7367706919945726,0.18641525679686524,-0.5909743758667395,0.12687969924812034,1.0,2023.0,1.0,2.0,3.0,0.0,0.0,0.0,1
-0.34951456310679613,-1.2181200712785274,-0.7624307239170546,0.2389521401041132,-0.5339322812554906,1.527639582480987,0.8968792401628223,0.3777087630298198,-1.8608484370996397,-0.3195488721804511,3.0,2023.0,0.0,1.0,0.0,0.0,0.0,0.0,1
-0.5339805825242718,0.24347718639888843,-0.12697290390655808,2.9421727349388473,-0.3961270486056101,0.741837927388688,-0.5671641791044776,0.865548361502648,0.18062061132458065,1.30133024869867,3.0,2020.0,1.0,1.0,2.0,0.0,0.0,0.0,0
-0.8932038834951457,0.7216103715229919,0.5800557283071205,0.4315329744550445,-0.6068224475818274,0.6793773054448718,-0.35278154681139756,1.1542278146468545,0.4902457097863631,-0.29854046881910656,0.0,2021.0,0.0,0.0,3.0,0.0,0.0,0.0,0
-1.3592233009708738,1.3118724065104355,0.9885822693559075,-0.7931106025202396,1.0174685147809341,-0.7485661215888301,-0.49118046132971505,-0.7723183795125473,-0.9820232393609217,-0.20050125313283207,3.0,2020.0,0.0,0.0,3.0,0.0,0.0,0.0,0
-0.30097087378640774,1.0124785495349928,-0.3806973802858022,1.1809938798519062,0.1998444204337593,-0.6639992033766842,-0.2564450474898236,-0.6171157940925696,-0.6722849503272159,2.677345537757437,1.0,2021.0,5.0,1.0,3.0,0.0,0.0,1.0,0
0.1262135922330097,0.3527722552041945,-0.05133025789772649,-0.3904220454359755,-0.07912585334711311,-0.6269202226732808,0.8453188602442334,-0.9565833970109959,-0.22116006078556905,-0.10526315789473678,4.0,2023.0,1.0,1.0,2.0,1.0,1.0,0.0,1
-0.06796116504854369,0.37757681297188367,0.34194736758362565,-1.1934771436140907,0.019996178225451078,-0.2942294796030659,0.1723202170963365,-0.17875819449912744,-0.11109422919090146,-0.03383458646616534,1.0,2022.0,0.0,1.0,2.0,0.0,0.0,0.0,1
-0.32038834951456313,0.5855823292935597,0.1097971717077039,0.38249508518634895,0.009232068651626771,-0.028815244579319922,0.49525101763907736,0.3534939814618125,-0.01687369803992178,1.30133024869867,3.0,2022.0,1.0,1.0,3.0,0.0,0.0,0.0,1
-0.7281553398058253,0.5095993499977819,1.0762968611800086,0.486234248365901,-0.2822955572178136,0.3876858985791306,0.004070556309362279,0.7494149812777793,0.19756448191923096,-0.6766917293233082,3.0,2021.0,-1.0,0.0,3.0,0.0,0.0,0.0,0
0.47572815533980584,0.12542213038854108,0.810401405466473,-0.817515242344914,-0.04515573717485317,-0.09491920263285461,-0.9090909090909091,-0.05863459187676363,-0.011904968608994242,-0.6766917293233082,1.0,2020.0,-1.0,2.0,2.0,0.0,0.0,0.0,1
-1.0194174757281553,-0.016906035495365006,-0.3071821937161195,-0.5385839565630586,0.15895603221475244,-0.15592829826780477,-0.8398914518317503,-0.24398182872844315,0.0026361293452473694,0.4921394395078606,0.0,2020.0,1.0,0.0,1.0,0.0,0.0,1.0,0
0.6116504854368932,-0.1510347758542624,-0.40001118823705434,-0.07765732515633636,0.1338906796551234,0.21890063499170972,0.09905020352781546,0.11441242590280387,-0.033061608340328584,0.2756892230576441,2.0,2022.0,1.0,2.0,1.0,0.0,0.0,0.0,0
-0.7766990291262136,-0.7070018675896804,-0.4086911076995924,-0.9465722665121992,0.06614317454150394,-0.08515933722218633,0.45725915875169604,-0.6355710198212244,0.06020781045878512,-0.1821862348178137,1.0,2022.0,0.0,0.0,0.0,0.0,0.0,0.0,0
-0.5825242718446602,0.22943424004027765,0.8823899198393578,0.10175583844221466,-0.6680084474392489,1.1467478347707107,-0.5400271370420624,1.1542278146468545,0.26310321798845193,-0.6766917293233082,3.0,2020.0,-1.0,1.0,2.0,0.0,0.0,0.0,0
-1.1359223300970873,-1.462081135392285,-0.9312715463765744,-0.7492371939267832,0.14024928077257,-0.12346731555192061,0.4626865671641791,-1.2226061421600047,0.18051923290598962,-0.11768551814318402,3.0,2022.0,0.0,0.0,0.0,1.0,1.0,0.0,1
-0.3883495145631068,-0.17978030214286447,-0.04380195060372608,0.1357488251490447,-0.10220146368278508,0.2631687689831716,0.6390773405698779,0.1394775807015528,-0.04731256080236029,-0.3552631578947368,2.0,2023.0,0.0,1.0,1.0,0.0,1.0,0.0,0
0.7669902912621359,-0.8956755743506344,0.1036826681977062,0.9874694993599299,1.9076910586014773,2.4872427726069892,-0.15061058344640435,1.1542278146468545,-2.2277625989042296,-0.6766917293233082,3.0,2021.0,-1.0,2.0,0.0,0.0,1.0,0.0,1
0.4077669902912621,-0.9881505135522419,-0.6032718281755327,-0.9935075218489325,0.30849420571817154,0.756545314023135,0.5115332428765265,0.0042513797754006105,-0.747580640577503,-0.44292549555707444,3.0,2022.0,0.0,2.0,0.0,0.0,0.0,0.0,0
0.7669902912621359,0.043962953218518175,0.7540221514916965,-0.4427766894641571,-0.08917932383447287,-0.11627177664494565,-0.16689280868385345,-0.145335211666515,-0.0051116506772757395,-0.6766917293233082,3.0,2021.0,-1.0,2.0,2.0,0.0,0.0,0.0,1
0.4077669902912621,1.018694377885181,0.7856704829001746,1.0726372336612948,-0.22634836379045767,-0.5550924159623128,0.37720488466757124,-0.2725541231383002,-0.5654695233475103,0.3947368421052631,2.0,2022.0,0.0,2.0,3.0,0.0,0.0,0.0,1
-0.8543689320388349,0.6377733238699228,1.1650082044189767,-0.7499755834377821,0.3200436197860013,-0.3745965095222516,0.5468113975576662,-0.1380038159989897,-0.23890766098807759,-0.6766917293233082,1.0,2023.0,-1.0,0.0,3.0,0.0,0.0,0.0,1
-0.2524271844660194,-1.3636105573328996,-1.882039396091038,0.7174994277059694,-0.7353333613755489,2.913051393141598,0.9986431478968792,1.042391952829177,-3.9722676337411937,1.6192266380236306,1.0,2023.0,4.0,1.0,0.0,0.0,0.0,1.0,0
-0.6019417475728155,-0.8965095248695486,-1.3897287683287114,0.13488073843670623,0.3454823477584307,-0.573946480953522,-0.28222523744911804,-1.6817052822290757,0.5145484869401914,1.8947368421052633,3.0,2021.0,3.0,1.0,0.0,0.0,0.0,0.0,0
1.0388349514563107,0.6558303793788434,-0.1084374030796761,0.673040070781753,0.765958453577712,0.7373244926963022,-0.1519674355495251,1.1542278146468545,0.4835598017703291,0.5675479020130972,2.0,2021.0,2.0,3.0,3.0,0.0,0.0,0.0,1
-0.9223300970873787,-0.8907675258881214,-0.5358740107997321,-0.5721373413546723,0.274291769433958,-0.2973900237020808,-0.6390773405698779,-1.083013944141975,0.26490537563691224,-0.2175080558539205,2.0,2020.0,0.0,0.0,0.0,0.0,0.0,0.0,1
0.6990291262135923,-0.08329673911664072,0.02297453700620509,-0.8301020782998656,-0.06478332886041237,-0.09267615100864547,-0.5630936227951153,-0.20355677314087883,0.0077196211729015415,-0.0922761449077238,1.0,2020.0,0.0,2.0,1.0,0.0,0.0,0.0,0
0.6990291262135923,0.3416289260142924,0.9600417316413195,0.4702399086047218,-0.2541299210686963,-0.36354697041771833,0.40705563093622793,-0.3271167619000283,-0.12419816105955485,-0.6766917293233082,3.0,2022.0,-1.0,2.0,2.0,0.0,0.0,0.0,1
1.4271844660194175,-0.8793944409069553,-0.5280027974423204,-0.2887138848191589,1.8008513989643173,1.2618210482539094,0.8493894165535957,0.4463569813228801,-1.109638415253875,2.537593984962406,1.0,2023.0,0.0,3.0,0.0,0.0,0.0,0.0,0
-0.3106796116504854,-0.015961723433650828,-0.5733749053272795,-0.8189022412365575,0.194528387544859,-0.6261382474100149,-0.18453188602442333,-1.215360284727073,0.009994245536389494,1.592215833701902,1.0,2021.0,2.0,1.0,1.0,0.0,0.0,0.0,0
0.5533980582524272,-1.1734530386560256,-1.1075989425887585,1.6338957355115118,0.7936189966282482,1.4340834500475363,-0.6105834464043419,0.3503131882256107,-1.6828295821445982,0.10252904989747101,2.0,2020.0,1.0,2.0,0.0,0.0,1.0,0.0,1
1.7766990291262137,-0.5842914174963716,0.3191968321373417,-0.26354046113966273,3.6990000626963746,2.0819508549602546,-0.4016282225237449,1.1542278146468545,-1.2164660162025098,-0.6766917293233082,1.0,2021.0,-1.0,4.0,0.0,0.0,0.0,0.0,0
-0.47572815533980584,0.15645502542967565,0.1889076691036548,-0.7006309687083557,0.28940564942066554,-0.6083424875577256,-0.06512890094979647,-1.0368251470865266,-0.0951782393607961,0.9304511278195489,3.0,2021.0,0.0,1.0,2.0,0.0,0.0,0.0,1
-1.1844660194174756,-1.3816975895920807,-1.518529122262125,0.5239736531968496,-1.5895208155054819,1.3419724917792184,-0.39077340569877883,0.14325117704168946,-1.8542001571902245,0.8661654135338346,2.0,2021.0,2.0,0.0,0.0,0.0,0.0,0.0,0
-1.4563106796116505,0.25351119995085464,-0.1200284142575452,-0.29193857105782106,0.6146937297735847,-0.42208969444452815,-0.5033921302578019,-0.5039816733208441,-0.10700446492552192,0.2756892230576441,2.0,2020.0,1.0,0.0,2.0,0.0,1.0,0.0,1
0.5631067961165048,-0.11649201757638512,0.0,0.20238966633484692,0.22859563626509052,0.4059543195742125,0.49118046132971505,0.3227376510667467,-0.04729043773104863,0.3947368421052631,3.0,2022.0,0.0,2.0,1.0,1.0,0.0,0.0,1
-1.4563106796116505,0.3435894867668042,-0.05768561946281574,0.4032483375711038,0.22492231278300337,-0.1544466547776623,-0.9511533242876526,0.013635415941182975,-0.05306624684790678,0.3947368421052631,1.0,2020.0,1.0,0.0,2.0,0.0,0.0,0.0,0
-0.2815533980582524,0.07936213954520355,0.13555132283087373,0.36292767667205583,0.0986069397630373,-0.35022464812389115,0.10176390773405698,-0.4884066539590491,-0.02779457739657806,-0.11768551814318402,1.0,2022.0,0.0,1.0,2.0,0.0,0.0,0.0,0
0.33980582524271846,0.9962887343932305,0.39404793298105895,1.1949376375358145,-0.07682298397308718,-0.2260790671207994,0.6051560379918589,0.3698437849762932,-0.22524002765458345,2.180451127819549,4.0,2023.0,1.0,2.0,3.0,1.0,0.0,0.0,1
0.14563106796116504,0.0,-0.29548169043591976,0.7556190617419346,0.20253955980846083,1.3907716440180977,-0.4396200814111262,1.1542278146468545,0.0,0.2756892230576441,2.0,2021.0,1.0,1.0,1.0,0.0,0.0,0.0,0
0.33980582524271846,-0.4460080392876864,0.4149050625831876,-0.59038431195033,0.05790597789374223,0.17040902065872712,0.22795115332428764,-0.14599232529392459,-0.07600379318093373,-0.6766917293233082,2.0,2022.0,-1.0,2.0,1.0,0.0,0.0,0.0,1
0.17475728155339806,-0.0023536041662434296,-0.29711059739993495,0.406201138919062,0.0988427401003933,0.5656001239078061,0.3582089552238806,0.546067058064475,-0.0013311988080572125,0.05800214822771215,0.0,2022.0,1.0,1.0,1.0,0.0,1.0,0.0,1
1.0,0.3361975846195684,0.31330852933882003,-0.06512615594306179,-0.6316081002602221,-0.6316081002602221,0.3310719131614654,-0.9837078076558937,-0.21234511773364084,-0.309344790547798,2.0,2022.0,0.0,3.0,2.0,0.0,0.0,1.0,1
0.0,0.2644406567681447,0.26364511499981386,0.32070254974059437,-0.0,-0.5244855747691192,-0.08412483039348712,-0.7277436636422658,-0.13869530985736375,1.4661654135338344,3.0,2021.0,0.0,1.0,2.0,0.0,0.0,1.0,0
0.0,-0.06805801315931242,-0.3425839468495648,0.5686481093544647,0.0,0.4070561975883748,-0.27951153324287653,0.3580901997013966,-0.02770343605204929,1.6609706083390294,3.0,2021.0,1.0,1.0,1.0,0.0,0.0,0.0,1
-0.5922330097087378,-0.6652082645212202,-0.37976597181426786,-0.13183701764610267,-1.264873569290011,2.135770125194609,0.689280868385346,1.1269515542216375,-1.420731938396975,-0.23334197562872697,3.0,2023.0,0.0,1.0,0.0,0.0,1.0,0.0,0
0.6504854368932039,-0.6337735032246746,-0.35801011806223637,0.47995387856042016,0.5036367095228399,0.7742474788186942,0.5359565807327001,0.2693327930574621,-0.49069753701379587,-0.23334197562872697,1.0,2023.0,0.0,2.0,0.0,0.0,0.0,0.0,1
0.7087378640776699,-1.2286004783366162,-0.12674020579200512,-1.3201979494273082,0.4721169782158235,0.666137654194929,-0.32971506105834464,-0.2388224454836186,-0.8184170405819212,-0.6766917293233082,1.0,2021.0,-1.0,2.0,0.0,0.0,0.0,1.0,0
0.3592233009708738,1.3062435788177111,0.9846864916683905,-0.013184857290081045,-0.19013081872644735,-0.5292830899682183,-0.762550881953867,-0.0014544564308409133,-0.691372637647782,-0.472610096670247,3.0,2020.0,0.0,2.0,3.0,0.0,0.0,0.0,0
0.9223300970873787,-1.1009505180940415,-1.057423176467104,0.11092099523863727,-0.10344085000701711,-0.11215165842866065,-0.824966078697422,-0.951134823286446,0.12347342645213992,0.2100077780658543,4.0,2020.0,1.0,3.0,0.0,0.0,0.0,0.0,1
-0.912621359223301,-0.6579013480652676,-0.3747088899345859,-0.42589543799615104,-0.9593657479302093,1.0512199152852293,-0.7801899592944369,0.4584874863006332,-0.6915989993792088,-0.3195488721804511,1.0,2020.0,0.0,0.0,0.0,0.0,0.0,0.0,0
1.3009708737864079,-0.6784086810732045,-1.031831418767514,0.5079545153182836,1.8017478671386071,1.3849255993677352,0.18724559023066487,0.6696177740683094,-0.9395455492515825,0.4577620521892969,2.0,2022.0,2.0,3.0,0.0,0.0,0.0,0.0,1
1.1844660194174756,0.618962033885508,0.13289926365181146,-0.5952962248184739,-0.5550575498696497,-0.468614160955524,-0.864314789687924,-0.34447845042056036,-0.29005437417258195,0.1804511278195489,1.0,2020.0,1.0,3.0,3.0,0.0,0.0,0.0,1
0.5728155339805825,-0.3378850284091722,0.4897388002001761,-1.3520873577439698,-0.041914306546676675,-0.07317243346284233,-0.29986431478968795,-0.35812031340728673,0.02472386975936074,-0.6766917293233082,1.0,2021.0,-1.0,2.0,1.0,0.0,0.0,0.0,0
1.3883495145631068,1.3118724065104355,1.6315634128644076,0.12151980889194856,-0.615892365422559,-0.44361478068897603,0.5251017639077341,0.20113823609731177,-0.5819659899060461,-0.6766917293233082,2.0,2023.0,-1.0,3.0,3.0,0.0,0.0,0.0,1
-1.2815533980582525,-0.642289065364424,-0.7399990730432254,-0.2333945955981373,-0.16249953097940892,0.12679887644605392,-0.383989145183175,-0.33279769922719693,-0.08144153184179505,1.30133024869867,1.0,2021.0,1.0,0.0,0.0,1.0,0.0,0.0,0
-0.39805825242718446,0.12365504045501753,-0.47674908804627686,-0.4204273138385306,0.035190913205019804,-0.08840644049065952,0.5454545454545454,-0.051173235804822595,-0.010931901975356602,1.2518796992481203,3.0,2023.0,2.0,1.0,2.0,0.0,1.0,0.0,1
-0.5631067961165048,-0.772445168142946,0.18897248587530094,1.1968516960168156,-1.3086786563202204,2.3240327862238397,0.5101763907734057,1.1542278146468545,-1.795187896324393,-0.6766917293233082,3.0,2022.0,-1.0,1.0,0.0,0.0,1.0,0.0,0
0.0,1.3118724065104355,0.6124651492018113,0.6181958027755939,-0.0,-0.5987179328759002,-0.48032564450474896,-0.18864172664921475,-0.7854415354228607,0.44132069303694016,1.0,2020.0,1.0,1.0,3.0,0.0,0.0,0.0,1
0.0,-1.0557053152599103,-1.0261108670728292,1.4099311024016359,0.0,0.482455347598219,0.47761194029850745,-0.2732339486169106,-0.5093306748350074,-0.16240601503759394,0.0,2022.0,1.0,1.0,0.0,0.0,0.0,0.0,1
0.5922330097087378,0.14844451442296727,-0.19274444881838385,1.5389194588139095,-0.2243988257635738,-0.3789029353057066,0.514246947082768,-0.4930081279935142,-0.0562460622448926,0.44132069303694016,3.0,2022.0,1.0,2.0,2.0,0.0,0.0,0.0,0
1.0679611650485437,0.40895716785811786,1.0066407297955153,-0.10188007332088052,0.28939546784164444,0.270979392615358,-0.1791044776119403,0.5646359965726784,0.11081896495188978,-0.6766917293233082,1.0,2021.0,-1.0,3.0,2.0,0.0,1.0,0.0,0
0.5436893203883495,0.23205976258742678,-0.1348748427504701,0.8564662925156731,-0.11111272721361469,-0.20436805183932702,-0.5495251017639078,-0.13863628332413497,-0.047425601590289156,7.894736842105262,3.0,2020.0,1.0,2.0,2.0,1.0,0.0,0.0,1
0.22330097087378642,-0.24970015694028333,-0.46829614102689593,-0.28557386370191135,-0.04774357064816717,-0.2138081642070095,0.06648575305291723,-0.4943996947723668,0.05338793215760414,0.8359133126934984,2.0,2022.0,1.0,2.0,1.0,0.0,0.0,0.0,0
-0.7669902912621359,-0.2050959243902176,0.5816443519213973,0.472538271687005,-1.0600080811453354,1.382035852632526,0.858887381275441,1.0032198264184033,-0.2834499207360905,-0.6766917293233082,3.0,2023.0,-1.0,0.0,1.0,0.0,1.0,0.0,0
-0.6504854368932039,0.20219728635875753,0.8635387703132028,0.8422513932049757,-0.6928253540989207,1.0650897234655048,0.29986431478968795,1.0779237956152248,0.21535825181332455,-0.6766917293233082,2.0,2022.0,-1.0,1.0,2.0,0.0,0.0,0.0,1
0.970873786407767,-0.2189124990046196,-0.07088540146466625,-0.31603222240703766,-0.1977340297418153,-0.20366605063406976,-0.6241519674355496,-0.4572017603368077,0.0445850441067056,0.6090225563909776,1.0,2020.0,0.0,3.0,1.0,0.0,0.0,1.0,0
0.6116504854368932,0.6744129167719921,0.5473899505779153,-0.9538618604302173,-0.47873829718666455,-0.7826991207972452,0.3853459972862958,-1.4193187012543542,-0.527862397011744,0.24167561761546721,1.0,2022.0,0.0,2.0,3.0,0.0,0.0,0.0,1
0.0,1.3118724065104355,0.9885822693559075,2.3763495976244684,-0.0,-0.10789242806272083,-0.12075983717774763,0.7647504160169999,-0.14154109924689562,-0.2619451855445064,1.0,2021.0,0.0,1.0,3.0,1.0,0.0,1.0,1
-0.32038834951456313,-0.5490085764792298,-0.2993446258141423,-0.8053792465528103,0.026704223066246126,-0.08334954472191972,0.20488466757123475,-0.5211921737658601,0.04575961489797305,0.24167561761546721,2.0,2022.0,0.0,1.0,0.0,0.0,0.0,0.0,0
-1.5728155339805825,-1.202223121175888,-1.1275093680494381,-0.3376039524589185,-2.9540669460557805,1.8782030582947247,0.4871099050203528,0.5999236139037238,-2.2580191429451824,0.44132069303694016,3.0,2022.0,1.0,0.0,0.0,0.0,1.0,0.0,0
-0.8252427184466019,-0.1716925079517735,-0.6811522107960207,-1.0058822262149612,0.5571552823861087,-0.6751411068914023,0.052917232021709636,-1.498012192317492,0.11591666986352124,1.0003269042170644,1.0,2022.0,2.0,0.0,1.0,0.0,0.0,1.0,1
1.4854368932038835,1.3118724065104355,0.9885822693559075,0.3875172930684421,-0.25264556868722154,-0.17008165735152822,0.6458616010854816,0.6774183240908025,-0.22312543313303262,0.1804511278195489,0.0,2023.0,0.0,4.0,3.0,1.0,0.0,0.0,1
-0.9902912621359223,-0.7469762200674467,-1.0792835701278873,-0.5689754207537326,0.2587241786958849,-0.2612606902517269,0.46404341926729986,-0.9213196705100133,0.19515552285644697,0.12687969924812034,3.0,2022.0,2.0,0.0,0.0,0.0,0.0,0.0,0
0.1553398058252427,1.217415392296603,0.5470908388269119,0.5633224053305552,-0.032292362818873564,-0.20788208564649857,0.25237449118046135,0.5544313448654576,-0.2530788508487681,0.1804511278195489,3.0,2022.0,1.0,1.0,3.0,0.0,0.0,0.0,1
0.7864077669902912,1.2484433755228754,0.3017083911282511,-0.7120426072526459,-0.39958752630881267,-0.5081174717260211,-0.6675712347354138,0.009930829225457447,-0.6343558915637829,37.89473684210526,4.0,2020.0,2.0,2.0,3.0,0.0,1.0,0.0,0
-0.970873786407767,-0.5458698422333592,-0.6732696567536293,-1.2152883341988407,0.2211797600096546,-0.22781515280994424,0.689280868385346,-0.7258460914971849,0.12435742152273288,0.35187969924812035,3.0,2023.0,1.0,0.0,0.0,0.0,0.0,0.0,0
0.14563106796116504,0.13230787389826637,-0.677740542472989,0.12404189100015771,-0.039132228247557264,-0.2687079672998932,0.8873812754409769,-0.31024026646209457,-0.03555217985297376,2.75187969924812,2.0,2023.0,3.0,1.0,2.0,0.0,0.0,0.0,1
0.7378640776699029,1.2087945526869954,0.5411243034111006,0.13846102740929098,-0.16672307869577752,-0.22595364612717217,-0.6960651289009498,0.5206543601072159,-0.27313153659829076,0.10252904989747101,3.0,2020.0,1.0,2.0,3.0,1.0,0.0,0.0,1
0.009708737864077669,-0.4055771094472538,-0.20007600053309174,-0.7808114708677584,0.00354608654181049,0.3652469138064805,0.0,0.07955843256204538,-0.1481357875361626,0.3123192596876808,4.0,2021.0,0.0,1.0,1.0,0.0,0.0,0.0,1
1.9514563106796117,-0.26441025099357857,-0.10237444018208422,0.2825216503577017,1.2967399526186998,0.6644985826852043,-0.45454545454545453,0.443210512112835,-0.1757002370326721,-0.06444683136412459,3.0,2021.0,0.0,4.0,1.0,0.0,1.0,0.0,0
-1.2912621359223302,-0.5684604076301141,0.3301537378775507,0.7382173231994436,-2.6625700718935565,2.0619903564288444,0.5278154681139756,1.1542278146468545,-1.1721598785449052,-0.6766917293233082,2.0,2023.0,-1.0,0.0,0.0,0.0,0.0,0.0,0
0.0,-0.9167162863182229,-0.553832913337721,-0.707286220913943,-0.0,-0.3476312877144803,0.4626865671641791,-1.189613408546128,0.3186792630816401,-0.2870813397129186,1.0,2022.0,0.0,1.0,0.0,1.0,0.0,0.0,1
-0.1262135922330097,-0.6228181374697017,-0.3504279561383228,1.233345400469785,-0.26893546527904866,2.1307963787493853,-0.6879240162822252,1.1542278146468545,-1.3270986319398772,0.9304511278195489,1.0,2020.0,0.0,1.0,0.0,0.0,0.0,0.0,0
0.6019417475728155,-1.0849295507608874,-1.3131603365495883,-0.9066030988363688,0.5682605556375683,0.9440457617849926,0.7706919945725916,0.07838917398772374,-1.0242231442311116,1.4661654135338344,3.0,2023.0,2.0,2.0,0.0,0.0,1.0,0.0,1
0.34951456310679613,-0.07329164590052908,0.029899089835237657,0.4176267326636611,-0.13852793932483734,-0.3963438264016179,-0.6078697421981004,-0.6839328911199912,0.02904869137948815,0.07961079168509512,3.0,2020.0,0.0,2.0,1.0,0.0,0.0,0.0,1
-0.5631067961165048,-0.7198750519709075,0.22535713931908224,-0.8108939139410318,0.18373064908929726,-0.32628029062409686,0.6119402985074627,-1.011854648185149,0.23488104117010453,-0.6766917293233082,3.0,2023.0,-1.0,1.0,0.0,0.0,0.0,0.0,0
0.18446601941747573,0.0873006268742792,-0.23506168550561102,0.3324321447878298,-0.025441869758080073,-0.13792171500432882,-0.06105834464043419,-0.144637064007043,-0.012040652179453585,-0.0922761449077238,1.0,2021.0,1.0,1.0,2.0,0.0,0.0,0.0,0
-1.4368932038834952,-1.351866358577068,-0.21205457563882335,0.9306500784018581,-3.2230801489164134,2.2430895630972336,-0.31614654002713705,0.6994972074499072,-3.0323573196264837,-0.6766917293233082,3.0,2021.0,-1.0,0.0,0.0,0.0,1.0,0.0,1
0.47572815533980584,0.1653797833792975,0.8380567629653561,0.1054063324045354,-0.06850428102829816,-0.1439987948145859,-0.6526458616010855,-0.09784630523299959,-0.02381448949331613,-0.6766917293233082,3.0,2020.0,-1.0,2.0,2.0,0.0,0.0,0.0,1
0.23300970873786409,0.5695901179103472,0.09872896794054611,-0.6636387967473868,0.1879703090050746,0.8067059094801118,-0.6350067842605156,1.1475001747027358,0.45949171409975076,0.07961079168509512,1.0,2020.0,1.0,2.0,3.0,1.0,0.0,0.0,1
0.5048543689320388,-1.7039442760085628,-1.474719857838082,0.6659707958105482,0.055669338044205686,0.11026811189525357,0.344640434192673,-1.103696549055016,-0.18789071809018904,-0.14097744360902253,3.0,2022.0,1.0,2.0,0.0,0.0,0.0,1.0,0
0.8252427184466019,0.2001003801263208,0.2191148459767161,-0.14617102702415077,-0.08103019401896042,-0.09818952922297557,0.12347354138398914,-0.010102766523772616,-0.019647762121941897,-0.309344790547798,2.0,2022.0,0.0,2.0,2.0,0.0,0.0,0.0,1
0.2912621359223301,0.8865432068893713,0.694207305854402,0.619964279722991,-0.21084363614214655,-0.7238964840880365,-0.7245590230664858,-0.9526433142135475,-0.6417655104593486,2.537593984962406,4.0,2020.0,0.0,2.0,3.0,0.0,0.0,0.0,1
0.11650485436893204,-1.0734306971117513,-0.019344614419562804,1.056111461929194,0.14121528137547137,1.2120978318061293,-0.7435549525101763,0.2754265188513196,-1.3011030205632956,-0.6766917293233082,3.0,2020.0,-1.0,1.0,0.0,0.0,0.0,0.0,1
-0.6796116504854369,1.244319208526533,0.9418279162707209,0.5512728886368354,0.09486281351292128,-0.13958385416901273,-0.8236092265943012,0.6730788357776595,-0.17368687094266894,-0.11768551814318402,3.0,2020.0,0.0,0.0,3.0,0.0,0.0,0.0,1
-0.5436893203883495,0.23625747417770276,0.24413937089546217,-0.24270812018417526,0.1731973677685833,-0.3185594442886443,0.5061058344640434,-0.32067032283515573,-0.07526204968308772,0.24167561761546721,3.0,2022.0,0.0,1.0,2.0,0.0,0.0,1.0,1
-2.2427184466019416,-0.03447384215927779,0.05676500942807105,-1.32355726032742,1.7754844099899347,-0.7916662087833909,0.44369063772048845,-1.9798067098103904,0.027291775924432472,-0.2175080558539205,4.0,2022.0,0.0,0.0,1.0,0.0,0.0,0.0,1
1.116504854368932,-0.14554718996425886,-0.8700340093802675,0.4614610115637299,0.2790331601894097,0.2499166565174713,-0.8507462686567164,0.15027470011437763,-0.036374667081380825,0.9304511278195489,2.0,2020.0,3.0,3.0,1.0,0.0,0.0,0.0,0
0.0,0.34828320367963567,-0.054437114743282784,1.3554979181947373,0.0,0.09277470042946895,0.14246947082767977,0.330984294808766,0.03231186988599392,1.6609706083390294,2.0,2022.0,1.0,1.0,2.0,0.0,0.0,0.0,0
0.038834951456310676,-0.03957970120337648,-0.3228744090627472,0.5980023461961903,0.012865334381910645,0.3312823603341991,-0.7991858887381276,0.30632851399681893,-0.013112056835976901,0.4921394395078606,3.0,2020.0,1.0,1.0,1.0,0.0,0.0,0.0,1
-0.6990291262135923,0.33254516286166436,0.31078066464780174,-0.37460059491019587,-0.5269991444948463,0.7539015539301273,0.8236092265943012,0.9382262144323305,0.250706315033356,12.18045112781955,1.0,2023.0,0.0,0.0,2.0,0.0,1.0,0.0,0
0.912621359223301,-0.8410601016855875,-1.52045187899765,-0.5534359732246918,-0.1338029185108529,-0.1466138362406154,0.830393487109905,-0.814842508814384,0.12331104801704608,5.7518796992481205,2.0,2023.0,4.0,3.0,0.0,0.0,1.0,0.0,0
0.5242718446601942,0.035492604256371386,0.10518903686577427,0.6737426892850451,0.2622897185148785,0.500293351982083,0.41655359565807326,0.5160168815506887,0.01775671395399359,0.0,4.0,2022.0,0.0,2.0,2.0,0.0,1.0,0.0,0
1.5145631067961165,-1.237533615874744,-1.4187658871781488,0.4771958956299929,3.7482492003938255,2.474805561798487,0.8683853459972863,0.905338980171288,-3.0626550754794093,4.144736842105263,3.0,2023.0,2.0,4.0,0.0,0.0,0.0,0.0,1
-0.6796116504854369,-0.19014306464130654,-0.05097403541893266,-1.668709796999664,0.42837591789529067,-0.6303245649030705,0.6404341926729986,-1.3524880774903767,0.11985184448936796,-0.3705692803437164,2.0,2023.0,0.0,0.0,1.0,1.0,0.0,0.0,1
-0.2912621359223301,-0.8275778358909612,-0.8682321145975284,2.5269923361836577,-0.26755965462114206,0.9186214808659212,0.6743554952510177,0.2420037849933919,-0.7602307771379692,4.466165413533835,1.0,2023.0,1.0,1.0,0.0,0.0,0.0,1.0,1
0.18446601941747573,-0.6921777330284062,-0.7745257015090481,-0.8030501908743146,0.02076301366426994,0.1125573898642002,0.1614654002713704,-0.38406299691328016,-0.0779097189517966,0.8359133126934984,2.0,2022.0,1.0,1.0,0.0,0.0,0.0,0.0,1
0.5048543689320388,0.4154548408909205,1.0111378775803108,-0.9513088501227029,-0.12094518146097374,-0.239564494047698,-0.36092265943012214,-0.06286890321188247,-0.09952822875770025,-0.6766917293233082,1.0,2021.0,-1.0,2.0,2.0,0.0,0.0,0.0,1
-0.1650485436893204,0.715967896225692,0.5761505203493391,1.310439114575641,0.02713188622501596,-0.16438731065744963,-0.5359565807327001,0.2633010609722611,-0.1176960369776135,-0.3552631578947368,1.0,2020.0,0.0,1.0,3.0,0.0,0.0,1.0,0
-0.6699029126213593,0.3891437151331141,-0.2930085806357638,0.5579451896258711,0.27059388231163095,-0.4039299982333041,-0.31886024423337855,-0.37118113745995346,-0.15718682016622015,7.037593984962405,3.0,2021.0,2.0,0.0,2.0,0.0,0.0,0.0,0
0.6893203883495146,-0.03882880417158355,-0.32235472096540274,-1.3054705977916081,-0.21910632585204537,-0.31785847271493906,0.2781546811397558,-0.514412119397865,0.012342064391327,0.03759398496240601,1.0,2022.0,1.0,2.0,1.0,0.0,0.0,0.0,0
0.5631067961165048,-0.35514129201046024,-0.5412702460391003,-0.062400006391618655,0.1536901897587853,0.2729325783647394,-0.6241519674355496,0.025038193243362813,-0.09692962851219973,0.44132069303694016,2.0,2020.0,1.0,2.0,1.0,0.0,1.0,0.0,0
-0.7087378640776699,0.8748255146876798,0.3099827980590993,1.3164562246441953,0.4912212442143247,-0.6930929884119924,-0.45454545454545453,-0.82714767482806,-0.6063354303139433,1.6609706083390294,2.0,2021.0,1.0,0.0,3.0,0.0,0.0,0.0,1
1.058252427184466,0.013262510672063042,0.732773863605705,-0.5608828580143362,-0.5201586575759349,-0.4915260709203789,-0.03934871099050204,-0.8260680901640157,-0.006518869761178742,-0.6766917293233082,4.0,2021.0,-1.0,3.0,2.0,0.0,0.0,1.0,1
0.912621359223301,1.3118724065104355,0.13861849926199438,0.42550294729929117,-0.25102469182685677,-0.27505897083155584,-0.5047489823609227,0.5153763186817704,-0.36084227399707686,1.380451127819549,2.0,2020.0,3.0,3.0,3.0,0.0,1.0,0.0,0
0.10679611650485436,0.21558951978801238,0.8728077582410027,-0.9152205221804903,-0.060542367389597916,-0.5668967128298714,0.1994572591587517,-0.8739183175462752,-0.12221699008839473,-0.6766917293233082,1.0,2022.0,-1.0,1.0,2.0,0.0,1.0,0.0,0
0.06796116504854369,0.053737680346291394,-0.2582903260419991,-0.06983188264402633,0.032208021480408654,0.47391803035458446,0.8616010854816825,0.5054507044379822,0.02546725562553868,0.44132069303694016,1.0,2023.0,1.0,1.0,2.0,0.0,0.0,1.0,1
0.4368932038834951,-0.34927737266020514,-0.16111099171517124,-1.051544494815206,0.2731782754332401,0.6252747193249718,0.5156037991858887,0.35063125948257673,-0.21839431115667335,0.03759398496240601,3.0,2022.0,0.0,2.0,1.0,0.0,0.0,0.0,0
-0.6601941747572816,0.20219728635875753,0.8635387703132028,-0.44375107281636617,0.45895334461748233,-0.695179330817657,0.35278154681139756,-1.3123816413564668,-0.14056337422402723,-0.6766917293233082,3.0,2022.0,-1.0,1.0,2.0,0.0,0.0,0.0,0
0.02912621359223301,-0.22330935906478583,0.569038530270054,-0.4217073807540458,-0.006981934406003443,-0.23971308127278487,0.18724559023066487,-0.5158232766910765,0.053530174538470504,-0.6766917293233082,2.0,2022.0,-1.0,1.0,1.0,0.0,0.0,0.0,1
-1.6699029126213591,0.4687319328942067,0.028925131142360384,0.5399739297483679,-0.9966931775252399,0.596856960959882,0.0,0.9065563316884518,0.2797659169720876,-0.06444683136412459,2.0,2021.0,1.0,0.0,2.0,1.0,0.0,0.0,1
0.6893203883495146,0.6686416156935766,0.16728252513970537,-0.32572249394036146,-0.43505382341420185,-0.6311344198825745,-0.5970149253731343,-0.7465359779556148,-0.42200273823011275,2.537593984962406,1.0,2020.0,1.0,2.0,3.0,0.0,0.0,0.0,1
-1.203883495145631,-0.7327547774190143,0.21644286670559176,0.5694875952095044,-0.20000222275444396,0.16613087857828815,0.8059701492537313,-0.353835829478853,-0.12173319495505883,-0.6766917293233082,3.0,2023.0,-1.0,0.0,0.0,0.0,0.0,0.0,0
1.174757281553398,-1.1712075462912317,-0.08701760111371253,0.22067383418526143,1.6816149434674044,1.431457348571427,-0.47489823609226595,0.3502280421901394,-1.6765336488408935,-0.6766917293233082,3.0,2020.0,-1.0,3.0,0.0,0.0,0.0,0.0,1
-0.2524271844660194,0.27367941609078433,-0.10607008972456594,-0.2447695090368874,-0.10115875809860815,0.4007443109291015,-0.7856173677069199,0.5944252742929406,0.10967546901678023,0.547798066595059,1.0,2020.0,1.0,1.0,2.0,0.0,0.0,0.0,1
-0.1553398058252427,0.307805399565645,-0.08245164743344578,-0.12201742118427882,0.04233112910158764,-0.2725066435914705,0.519674355495251,-0.19207133773697377,-0.08387901631496539,0.1804511278195489,1.0,2022.0,1.0,1.0,2.0,0.0,0.0,0.0,1
-0.4854368932038835,-0.9879713466935477,-0.6031478287110921,-0.4834004003282006,-0.11743055852284881,0.24190695055706854,-0.6187245590230664,-0.45498733289012827,-0.23899713571639647,-0.1821862348178137,1.0,2020.0,0.0,1.0,0.0,0.0,0.0,0.0,1
-0.22330097087378642,-1.8319232570018025,-1.5632837032624443,1.308075333369629,-0.8197530989502726,3.6710682257338294,-0.23066485753052918,1.0800264961092638,-6.725115260762145,1.037593984962406,1.0,2021.0,1.0,1.0,0.0,1.0,0.0,0.0,0
1.1067961165048543,0.2117784854539139,0.2271973261223141,0.6887150018833529,1.2893594768571248,1.164947597511262,-0.9104477611940298,1.1542278146468545,0.24671083783411074,-0.03383458646616534,3.0,2020.0,0.0,3.0,2.0,0.0,1.0,0.0,1
-1.9320388349514563,0.2699383379117972,-0.37550894498050263,0.1579705023451578,-1.1015934401267953,0.5701714790606026,-0.694708276797829,0.7429730872515219,0.15391114138233017,1.592215833701902,1.0,2020.0,2.0,0.0,2.0,0.0,0.0,0.0,0
1.0,-0.10558188097357508,0.007550932126843774,0.012895625348101285,0.14157489032703283,0.14157489032703283,-0.6241519674355496,0.06392150388670258,-0.014947743219355726,0.1804511278195489,1.0,2020.0,0.0,3.0,1.0,0.0,0.0,1.0,1
0.27184466019417475,0.13901763974737552,0.17683916842638675,-1.5941578935505019,-0.118671773859045,-0.43654259669577267,-0.858887381275441,-0.6151461865967167,-0.060687121441836765,-0.2870813397129186,1.0,2020.0,0.0,2.0,2.0,0.0,0.0,0.0,1
-0.9320388349514563,-0.03489641037657945,-1.1055444315436056,-0.6141442964325591,0.35755394810315805,-0.38362559015234665,0.3337856173677069,-0.6319999198507642,0.013387156024913765,2.180451127819549,4.0,2022.0,5.0,0.0,1.0,0.0,0.0,0.0,0
-0.8349514563106796,-0.1802226608856798,-0.04410810783520281,0.25123163428041717,-0.4491905775756433,0.537984063840596,0.6919945725915875,0.39617003529835415,-0.09695691949944364,0.24167561761546721,4.0,2023.0,0.0,0.0,1.0,0.0,1.0,0.0,0
1.3106796116504855,0.6383843071197909,0.5224542385975423,-0.2663928319788884,-0.11252558141427624,-0.08585285100496631,-0.2265943012211669,0.31704649735206364,-0.054807112803064065,-0.2870813397129186,1.0,2021.0,0.0,3.0,3.0,0.0,0.0,0.0,1
-0.7281553398058253,-0.3341257027181191,-0.5267257183281995,0.6957314038867787,-1.1830769963568508,1.6247590749967418,0.7652645861601085,1.0642410302442427,-0.5428737676809275,0.3123192596876808,2.0,2023.0,1.0,0.0,1.0,0.0,0.0,0.0,1
-0.8932038834951457,0.11432531145531487,0.8027211121627161,0.31590526467793173,-0.3693985784085871,0.4135657997400486,-0.5440976933514247,0.49339593474562543,0.047281038862547434,-0.6766917293233082,1.0,2020.0,-1.0,0.0,2.0,0.0,0.0,0.0,0
0.883495145631068,0.15799572202771503,0.18997399294949913,-0.4590016213714801,-0.5667506118108915,-0.6414869562255145,-0.32157394843962006,-1.1431382584000878,-0.10135219482021139,-0.24812030075187966,2.0,2021.0,0.0,2.0,2.0,0.0,1.0,0.0,1
0.27184466019417475,-0.6379463451280825,0.28206136260476095,0.6562990915571453,0.419468691411104,1.5430455434051327,-0.6675712347354138,0.7985184429318831,-0.9843802647814803,-0.6766917293233082,0.0,2020.0,-1.0,2.0,0.0,1.0,0.0,1.0,1
-0.7281553398058253,0.6970608583246546,1.2060420949968906,-0.9965448541899424,0.46673342272619817,-0.6409805672106454,0.26322930800542743,-0.7593746265880985,-0.44680246434927645,-0.6766917293233082,3.0,2022.0,-1.0,0.0,3.0,0.0,0.0,0.0,0
0.17475728155339806,-0.24139468306751266,-0.0864453461036271,-0.1705110630378042,-0.013183083786121314,-0.07543653499836085,-0.13432835820895522,-0.29271218537045135,0.018209978457640646,-0.2619451855445064,3.0,2021.0,0.0,1.0,1.0,0.0,1.0,0.0,1
-0.7961165048543689,-0.7084338754014502,-1.0526103772047535,-0.39208287672239567,-0.5889413411617674,0.7397677821910006,0.24830393487109906,0.18922371115268097,-0.5240765568347064,0.6090225563909776,4.0,2022.0,2.0,0.0,0.0,1.0,0.0,0.0,1
0.8640776699029126,0.33073879360516656,-0.06657953661676441,0.628221628307724,0.9022848576284793,1.0442173071430716,0.5427408412483039,1.1542278146468545,0.3453631724261352,0.44132069303694016,1.0,2023.0,1.0,2.0,2.0,1.0,0.0,0.0,0
0.8252427184466019,-0.8232035546277444,0.15384176073915962,1.0688816182867173,1.973011190285625,2.3908253246990516,0.11397557666214382,1.1542278146468545,-1.9681359057862906,-0.6766917293233082,3.0,2022.0,-1.0,2.0,0.0,0.0,1.0,0.0,0
0.4174757281553398,-0.07803789367885333,-0.3494909124262646,-0.24298571986344705,0.22055342051518112,0.5283023793735734,0.276797829036635,0.46016515282631226,-0.04122760491184016,0.0,3.0,2022.0,1.0,2.0,1.0,0.0,0.0,0.0,1
0.2815533980582524,-0.10803317743130135,0.005854383765561927,0.45183561569736497,-0.008564669973418267,-0.03041934507800281,0.8860244233378561,-0.14013548371406745,0.0032862985041558607,0.1804511278195489,1.0,2023.0,0.0,2.0,1.0,0.0,0.0,0.0,0
0.0,0.772534195825887,-0.02766743891733231,0.8589262207553877,-0.0,-0.09098427531730606,-0.37449118046132973,0.40528293467551674,-0.07028846396505614,0.6533575317604355,2.0,2021.0,2.0,1.0,3.0,0.0,0.0,0.0,0
0.0,0.2810324357441131,-0.10098109888256677,0.43583251346769797,0.0,0.4818647913910991,-0.25508819538670285,0.673662584699303,0.1354196360239695,0.6090225563909776,1.0,2021.0,1.0,1.0,2.0,0.0,0.0,0.0,0
-0.912621359223301,-0.12082549588895106,-0.0029992105477792217,0.3410985846543876,0.09437313191353178,-0.10340885730950822,0.45454545454545453,-0.24460545228369782,0.012494426463731112,-0.03383458646616534,1.0,2022.0,0.0,0.0,1.0,0.0,0.0,0.0,0
0.34951456310679613,0.5569144531924028,1.1090444325713138,0.7556190617419346,0.28908363200721143,0.8271003915761882,0.24423337856173677,1.1542278146468545,0.46062416230987513,-0.6766917293233082,1.0,2022.0,-1.0,2.0,3.0,0.0,0.0,0.0,0
1.6213592233009708,1.0172510505441905,0.141700236120606,-0.1417646776146786,-0.5699626734718117,-0.35153386447662643,-0.6132971506105834,0.17392638176996023,-0.3575981929407073,0.5286654135338346,3.0,2020.0,2.0,4.0,3.0,0.0,0.0,0.0,0
0.0,0.3478679232151253,-0.32157501217323575,0.22131907833152212,0.0,0.13434859716799621,-0.22116689280868385,0.37734509620792905,0.046735567483696304,0.5286654135338346,2.0,2021.0,2.0,1.0,2.0,0.0,0.0,0.0,1
0.0,-0.0923747907167836,-0.35941331761452733,0.4395407834069761,0.0,0.5924742715721589,-0.03934871099050204,0.5051556016768785,-0.054729686841557,0.44132069303694016,4.0,2021.0,1.0,1.0,1.0,0.0,0.0,0.0,1
0.3300970873786408,-1.1556097809639159,-1.0952504408194361,-0.788633120531406,0.4510809726967252,1.3665100055224322,-0.13568521031207598,0.31946939860778767,-1.5791523281667774,0.44132069303694016,1.0,2021.0,1.0,2.0,0.0,0.0,0.0,0.0,0
-0.038834951456310676,-0.9572108154502201,0.06109310239456227,0.29843538423368393,-0.06399081423408517,1.6477634665276935,-0.6132971506105834,0.636641061203339,-1.577257011464055,-0.6766917293233082,4.0,2020.0,-1.0,1.0,0.0,0.0,0.0,0.0,0
0.0,-0.3461477988544691,0.4840199990821837,-0.9759424234509704,-0.0,-0.15077907990097375,0.864314789687924,-0.46999074842877303,0.05219184662102419,-0.6766917293233082,1.0,2023.0,-1.0,1.0,1.0,0.0,1.0,0.0,0
0.8737864077669902,-0.5908410484578412,-0.32829673856870184,0.5897962992441929,0.013750691777182224,0.0157369028116641,0.5427408412483039,-0.42519182035608866,-0.009298008156722767,-0.1821862348178137,3.0,2023.0,0.0,2.0,0.0,0.0,0.0,0.0,0
1.8058252427184467,-0.2510538375458276,-0.09313045586971273,-0.6804982127298382,-0.7403119060346108,-0.4099576683955103,-0.013568521031207599,-0.8369561538496217,0.10292144588203271,-0.06444683136412459,2.0,2021.0,0.0,4.0,1.0,0.0,0.0,1.0,0
0.1553398058252427,-0.05514457025498719,0.04245873396930781,0.20927095254716707,0.05758005281724613,0.370671590011022,0.37991858887381275,0.3330838215532804,-0.02044052553689061,-0.14097744360902253,1.0,2022.0,0.0,1.0,1.0,0.0,0.0,0.0,0
-0.6990291262135923,0.3252568829189113,0.3057363993259153,0.3808635126347653,-0.25054799799784405,0.358422830469138,0.8113975576662144,0.5910404183201955,0.11657949260536521,-0.24812030075187966,4.0,2023.0,0.0,0.0,2.0,0.0,1.0,0.0,0
0.0,-0.1573920403671357,-0.4044109701301822,-0.14616576882310373,0.0,0.46408674439042447,-0.6974219810040706,0.3469694426239161,-0.07304355960695028,1.30133024869867,2.0,2020.0,1.0,1.0,1.0,0.0,0.0,1.0,0
0.20388349514563106,0.2905241660219164,0.28169766869222623,0.7556190617419346,0.22111795667877224,1.0845309303768353,-0.4708276797829037,1.1542278146468545,0.31508244407270314,-0.11768551814318402,3.0,2020.0,0.0,1.0,2.0,1.0,0.0,1.0,1
0.8640776699029126,-0.04885256729635423,-0.32929206318690357,1.131716230025569,0.0394811401045229,0.04569165652545909,0.10854816824966079,-0.0051688202915423954,-0.002232154725291893,1.8947368421052633,3.0,2022.0,1.0,2.0,1.0,0.0,0.0,1.0,1
0.3786407766990291,-1.6892534536460029,-0.44556580643607646,0.3999552123790593,0.8819857222155347,2.3293469073897457,0.6160108548168249,0.5072967450680576,-3.934857308047764,-0.6766917293233082,2.0,2023.0,-1.0,2.0,0.0,0.0,0.0,0.0,0
0.0,-0.8560669027763873,-0.8879484741674659,-0.357546874815877,-0.0,-0.1501792528341807,-0.8955223880597015,-0.8305324773220419,0.12856348783502908,0.44132069303694016,2.0,2020.0,1.0,1.0,0.0,0.0,0.0,0.0,1
-0.4563106796116505,-0.21656892008796366,-0.06926340754893474,-0.8664623532890938,0.04129198805860318,-0.09049095255396016,0.9823609226594301,-0.2950895005615832,0.01959752787234231,-0.27490601503759393,3.0,2023.0,0.0,1.0,1.0,0.0,1.0,0.0,0
-0.8446601941747572,-1.0734741983072362,-0.6623233606763802,0.896249774939757,-1.3550571999513883,1.6042631217815289,-0.06512890094979647,0.527660811262001,-1.7221350685282908,-0.24812030075187966,1.0,2021.0,0.0,0.0,0.0,0.0,0.0,0.0,1
0.6504854368932039,0.3817377947210921,-0.29813412332022904,-0.5696210366188597,0.24223693472697577,0.3723940936847538,-0.25508819538670285,0.6443635669202387,0.14215690009037768,0.6090225563909776,3.0,2021.0,2.0,2.0,2.0,0.0,1.0,0.0,1
0.7184466019417476,1.130271097798634,0.8628939344168467,-1.102699132027483,-0.40693694574385914,-0.5664122352921283,-0.38670284938941657,-0.22431449584496552,-0.6401993789902121,-0.0922761449077238,4.0,2021.0,0.0,2.0,3.0,0.0,0.0,0.0,1
-1.1941747572815533,0.8793804371131431,0.3131352737651478,0.5082649913853016,0.5010890485304959,-0.4196111544604965,-0.621438263229308,-0.055327606772521964,-0.368997840427022,1.4661654135338344,1.0,2020.0,1.0,0.0,3.0,0.0,0.0,0.0,0
1.2427184466019416,-0.27234127388413215,0.5351027249439129,-0.466463240838469,-0.6742586559043768,-0.5425675121730533,0.6010854816824966,-1.1543797376039535,0.14776352743335372,-0.6766917293233082,1.0,2023.0,-1.0,3.0,1.0,0.0,0.0,0.0,0
0.44660194174757284,1.098084650567138,0.8406173414995433,0.02516013539165525,0.16732071423743464,0.37465290361860365,0.9253731343283582,1.1542278146468545,0.41140060275399803,0.24167561761546721,3.0,2023.0,0.0,2.0,3.0,0.0,0.0,0.0,0
1.087378640776699,0.018851820204453185,0.09367188647940983,-0.5488109865552648,0.7650468084554735,0.7035698327760158,-0.14789687924016282,0.6757356210251553,0.013263571988770644,-0.29854046881910656,2.0,2021.0,0.0,3.0,2.0,0.0,1.0,0.0,0
-1.0388349514563107,-0.371769234007893,-0.17667759828488133,0.39367213089294983,-0.7794744408617286,0.7503352094276453,0.9199457259158752,0.4362128644763018,-0.2789515460580677,-0.06444683136412459,2.0,2023.0,0.0,0.0,1.0,0.0,0.0,0.0,1
-1.058252427184466,-0.49069137343268493,-0.6350818466636341,0.614034280171985,-0.8312955742195043,0.7855361848129261,0.6648575305291723,0.3795661745657776,-0.38545582940692613,0.44132069303694016,1.0,2023.0,1.0,0.0,1.0,1.0,0.0,0.0,1
-0.10679611650485436,-0.34393226159469414,-0.15741164193480928,-0.021979304085721928,-0.02956569447256498,0.2768424118794721,-0.013568521031207599,0.03690954651940463,-0.09521503682303667,-0.11768551814318402,3.0,2021.0,0.0,1.0,1.0,0.0,1.0,0.0,0
0.39805825242718446,-0.48537376929961806,-0.6314016446859004,-0.3222404810150245,0.1376713994478837,0.34585741812517123,0.36906377204884666,0.004451530235342379,-0.1678701186756484,0.2756892230576441,1.0,2022.0,1.0,2.0,1.0,0.0,0.0,0.0,0
1.3980582524271845,0.036341237558844594,-0.2703302533946742,-0.34626131667295346,-0.47717409556033696,-0.3413120266855188,-0.1044776119402985,-0.5027191173547098,-0.012403701443469145,0.9304511278195489,2.0,2021.0,1.0,3.0,2.0,1.0,0.0,0.0,0
0.5533980582524272,0.028426667244343836,-0.2758078570471197,-0.06278458443214256,0.28890337216412537,0.522053461980788,0.13975576662143827,0.5301613874538827,0.014840240047485565,1.30133024869867,3.0,2022.0,1.0,2.0,2.0,0.0,0.0,0.0,0
-0.18446601941747573,-0.09825068328577821,0.01262487261756813,0.19990579474793307,-0.07159561772389061,0.38812361187161754,-0.8521031207598372,0.31900306295830744,-0.0381334100657306,-0.16240601503759394,1.0,2020.0,0.0,1.0,1.0,0.0,0.0,0.0,0
-0.7961165048543689,0.2506672618820935,0.2541124677232466,1.648996777267884,-0.15446404962886515,0.19402191599723306,0.412483039348711,0.37299497412094507,0.048634942428143965,-0.16240601503759394,2.0,2022.0,0.0,0.0,2.0,0.0,0.0,0.0,1
0.9611650485436893,0.8567709329153338,1.3165800990683585,-0.047013475335903644,-0.5382840060039616,-0.5600328547313944,-0.8616010854816825,-0.4006714322341115,-0.4798198714114544,-0.6766917293233082,4.0,2020.0,-1.0,3.0,3.0,0.0,0.0,0.0,1
-0.7475728155339806,0.6628933015497399,0.5394171245242676,-0.814825705473105,0.6075909193442566,-0.8127514895124471,0.6512890094979648,-1.6372424816579871,-0.5387675182223749,0.07961079168509512,3.0,2023.0,0.0,0.0,3.0,0.0,0.0,0.0,1
1.2718446601941749,-1.2947750473771134,-0.1725407277739352,0.5417660254133579,3.071363695170118,2.4148890122329933,0.6675712347354138,0.8328727457789238,-3.1267380352244443,-0.6766917293233082,3.0,2023.0,-1.0,3.0,0.0,0.0,0.0,0.0,0
-0.21359223300970873,-2.1543935353878636,-1.4103971629933354,-0.23679621500331258,-0.29968390616022217,1.4030655606592222,-0.4966078697421981,-0.3648040908522056,-3.0227553736095767,1.8947368421052633,2.0,2020.0,0.0,1.0,0.0,0.0,0.0,1.0,0
1.2427184466019416,0.6506424619227912,0.1548252990707469,-0.07515631409531343,-0.7437432810863495,-0.5984809214991719,-0.3256445047489824,-0.6565692818555376,-0.3893971001780419,3.6090225563909772,3.0,2021.0,1.0,3.0,3.0,0.0,0.0,0.0,1
0.5339805825242718,-1.19987120996313,-0.7498009719183958,0.33765845781171316,0.9343971736305146,1.7498710706171454,-0.013568521031207599,0.5260960719376689,-2.099619918780872,0.24167561761546721,0.0,2021.0,0.0,2.0,0.0,0.0,0.0,0.0,1
-0.0970873786407767,0.15882508356647085,0.8335201459957979,-0.21082212902664293,0.026525751940363766,-0.2732152449857468,0.2157394843962008,-0.29882319369800514,-0.04339343411649504,-0.6766917293233082,1.0,2022.0,-1.0,1.0,2.0,0.0,0.0,0.0,0
-0.39805825242718446,-1.0416450954431822,-0.6402948257872908,0.5229464935795145,-0.8107329734157557,2.036719421020069,-0.39755766621438265,0.804589745135588,-2.1215387956994327,-0.1821862348178137,1.0,2021.0,0.0,1.0,0.0,0.0,0.0,0.0,1
-0.2621359223300971,-1.5497493676160436,-1.3680125938862104,0.4817912416465056,-0.5448382358490701,2.0784569737946006,0.20759837177747625,0.4679796814770202,-3.221087380755338,-0.03383458646616534,2.0,2022.0,1.0,1.0,0.0,1.0,0.0,0.0,0
0.33980582524271846,0.33472176758881644,-0.06382293533925144,0.44846270413733874,0.09429370517629397,0.27749290380452224,-0.37720488466757124,0.5185652174703836,0.09288291525480309,0.10252904989747101,3.0,2021.0,1.0,2.0,2.0,0.0,0.0,0.0,1
0.06796116504854369,0.5097815825708747,1.076422987380614,-0.8288268632291016,-0.046303967838095046,-0.6813298124748272,-0.8561736770691994,-1.0389393773783768,-0.34732939005613467,-0.6766917293233082,2.0,2020.0,-1.0,1.0,3.0,0.0,0.0,0.0,1
-0.4563106796116505,-0.5643025497035198,-0.6860265102563744,-0.5041448216045304,-0.7556379135609073,1.65597244886752,-0.9620081411126187,0.9201100251365044,-0.9344694751347231,0.4921394395078606,3.0,2020.0,1.0,1.0,0.0,0.0,0.0,0.0,0
0.0,-2.184242970252595,-1.8070886495494278,0.6765906098275052,0.0,2.4058610743452613,-0.7666214382632293,0.19762137266054544,-5.254985139042993,1.8947368421052633,3.0,2020.0,1.0,1.0,0.0,0.0,1.0,0.0,0
0.06796116504854369,-0.5399641378280897,-0.2930849969167915,-0.5012927133288071,0.007325557544270604,0.1077903467228389,0.6024423337856174,-0.2815453120970432,-0.05820292163438856,-0.0922761449077238,3.0,2023.0,0.0,1.0,0.0,0.0,1.0,0.0,1
-1.6504854368932038,0.2143721788963047,0.8719652163237891,-0.30489481723349227,0.02430990907106825,-0.014728944907764881,0.937584803256445,0.10805188868321579,-0.0031574760127211893,-0.6766917293233082,2.0,2023.0,-1.0,0.0,2.0,0.0,0.0,0.0,0
0.3592233009708738,-1.289961068040473,-0.8121506766083585,-1.089788294561601,-0.10358473859596662,-0.2883575155509341,-0.12075983717774763,-1.3507012164094414,0.3719699687375802,-0.1821862348178137,3.0,2021.0,0.0,2.0,0.0,0.0,0.0,1.0,0
-0.7572815533980582,0.04675013825981952,-0.26312634407580604,1.3412885958282201,-0.20650482534965214,0.27269226937197655,0.048846675712347354,0.30964042844524137,0.012748401295523851,1.30133024869867,2.0,2022.0,1.0,0.0,2.0,0.0,0.0,0.0,0
-0.8932038834951457,-0.1130116198541345,-0.3736958273843172,-0.8228277700298541,0.38540146637440403,-0.4314820764843871,-0.6757123473541384,-0.7831680066922174,0.048762488401526145,0.2100077780658543,1.0,2020.0,1.0,0.0,1.0,0.0,0.0,0.0,0
-1.3009708737864079,0.3651421103310933,-0.3096197795780531,-0.6953406746345041,0.846785965883816,-0.6508877200450227,0.1248303934871099,-1.028843090226304,-0.23766651568583344,0.2640748211993398,4.0,2022.0,2.0,0.0,2.0,0.0,0.0,1.0,0
-1.3883495145631068,-0.004538801762863669,-0.29862295168850417,-0.9355136327537279,0.8476717718332223,-0.6105607867050482,-0.6797829036635007,-1.1577878330770912,0.0027712143750323014,0.547798066595059,1.0,2020.0,1.0,0.0,1.0,0.0,0.0,0.0,1
0.0,0.7934158062643402,0.6297529318247242,0.14632958427157888,0.0,0.2784970643965597,0.24423337856173677,0.8446792872454879,0.22096397289044828,-0.20050125313283207,1.0,2022.0,0.0,1.0,3.0,0.0,0.0,1.0,0
-0.5436893203883495,0.8615356894970216,1.3198778664995992,0.31784021399218965,0.3202555932476277,-0.5890415375804581,0.8819538670284939,-0.47911756737121614,-0.5074803072217657,-0.6766917293233082,4.0,2023.0,-1.0,1.0,3.0,0.0,0.0,0.0,1
1.5242718446601942,-0.22818246873149897,-0.4534040640308289,0.1539757336453787,2.5138285559710156,1.649199625891813,-0.5793758480325645,1.1542278146468545,-0.3763184420670584,0.7518796992481203,2.0,2020.0,1.0,4.0,1.0,0.0,0.0,0.0,1
-0.4077669902912621,-0.12265714149415641,0.6387016073435514,1.3201478897876398,0.0881807255920248,-0.21625273180901322,0.5481682496607869,-0.4080933560458432,0.026524941923995994,-0.6766917293233082,3.0,2023.0,-1.0,1.0,1.0,0.0,0.0,0.0,0
0.14563106796116504,-0.8511880852613535,-0.884572004851605,-1.476402052276493,-0.06227987753508252,-0.4276551590742333,-0.9199457259158752,-1.2983629210442698,0.3640149760045362,0.44132069303694016,2.0,2020.0,1.0,1.0,0.0,0.0,0.0,0.0,1
0.32038834951456313,-0.45716713597722514,-1.0856908821741724,-0.5017631265864966,-0.10880348001736762,-0.33959874066026857,-0.2225237449118046,-0.8493960546858927,0.1552533836491274,1.4661654135338344,2.0,2021.0,3.0,2.0,1.0,0.0,0.0,0.0,0
0.10679611650485436,-0.8122148373222299,-0.8575998691148047,1.2611442214020694,0.2120679884877247,1.985727528566877,-0.7476255088195387,0.9382485495928933,-1.6128373615812195,1.30133024869867,1.0,2020.0,1.0,1.0,0.0,0.0,0.0,0.0,1
-0.05825242718446602,-0.23977559621496294,0.5576419731410633,0.8692765310031787,-0.003707678391951459,0.06364847906183338,-0.26865671641791045,-0.11939017066389607,-0.015261352015226683,-0.6766917293233082,2.0,2021.0,-1.0,1.0,1.0,0.0,1.0,0.0,0
-0.9223300970873787,1.2757911383256295,0.5874930621701201,-1.2061741165489563,0.6091597095610379,-0.6604573693135464,-0.6227951153324288,-0.41758143190318076,-0.8426056590120801,0.24167561761546721,2.0,2020.0,1.0,0.0,3.0,1.0,0.0,0.0,0
1.1359223300970873,-1.203910213946396,-0.7525963042048078,1.3344234348445907,1.2736761413968232,1.12127044926387,-0.2265943012211669,0.12068965190694536,-1.3499089464650373,-0.3552631578947368,3.0,2021.0,0.0,3.0,0.0,0.0,0.0,1.0,0
1.4077669902912622,-1.3982369436016377,-0.8870863479280524,0.9411126660945742,2.4513978594883934,1.7413377898434794,-0.13975576662143827,0.38041505484335997,-2.4348028290487775,-0.29854046881910656,3.0,2021.0,0.0,3.0,0.0,0.0,0.0,0.0,0
-1.3009708737864079,1.08235848085688,0.45361720046714604,0.865222364206208,-0.11726233675519349,0.09013448272973827,-0.37177747625508817,0.8482590797421471,0.0975578218001802,-0.14097744360902253,4.0,2021.0,1.0,0.0,3.0,0.0,1.0,0.0,0
-0.7864077669902912,-0.26902862493210894,-0.7485156509602409,0.5237780622851512,-1.264241145673582,1.6076152840046785,0.3337856173677069,1.0998838917576983,-0.43249452927562043,2.290341237709659,0.0,2022.0,2.0,0.0,1.0,0.0,0.0,0.0,0
-0.21359223300970873,-0.638736481444195,0.2815144960933571,-0.2613283337988803,-0.03804291093374098,0.17810999209887823,0.8534599728629579,-0.27431957472026264,-0.11376534966329087,-0.6766917293233082,3.0,2023.0,-1.0,1.0,0.0,1.0,1.0,0.0,1
-0.7475728155339806,0.7355498673348859,-0.26024975993806954,0.27754377066706964,0.5327259424258639,-0.712607429478753,-0.17367706919945725,-1.0086128482917218,-0.5241583002149508,1.380451127819549,3.0,2021.0,3.0,0.0,3.0,0.0,0.0,1.0,1
0.39805825242718446,-0.587707511919135,-0.326128029410179,0.2190237615443113,0.04299781168687432,0.1080188927743428,-0.5861601085481682,-0.3151256216354216,-0.06348351471266883,-0.41430105876937245,4.0,2020.0,0.0,2.0,0.0,0.0,0.0,0.0,1
-0.5631067961165048,1.3118724065104355,1.6315634128644076,0.6761000252632371,0.25092473795266035,-0.44560772429524165,-0.43012211668928085,0.1968842078128911,-0.5845804776308373,-0.6766917293233082,0.0,2021.0,-1.0,1.0,3.0,1.0,0.0,0.0,1
1.6893203883495145,0.4444601282615804,1.031212920320659,0.14876186826480042,-0.9707336902391177,-0.5746297131875238,0.7245590230664858,-0.7333080767884287,-0.25539999602624197,-0.6766917293233082,3.0,2023.0,-1.0,4.0,2.0,1.0,0.0,0.0,1
0.0,-0.49305572868686814,-0.6367181669509091,-0.31360173972885397,-0.0,-0.25312951684875384,0.1655359565807327,-0.7282864155674413,0.12480695838201719,1.037593984962406,4.0,2022.0,1.0,1.0,1.0,0.0,1.0,0.0,1
0.17475728155339806,1.3118724065104355,1.6315634128644076,-0.18363330359287644,-0.07254479684847061,-0.41511744863291516,-0.06512890094979647,0.26034586956037536,-0.5445811263225345,-0.6766917293233082,1.0,2021.0,-1.0,1.0,3.0,0.0,0.0,0.0,1
0.8058252427184466,-0.5877873340070193,-1.1760851902144553,-0.03740594328524734,0.30426538323029434,0.3775823430448231,-0.6702849389416553,-0.03788916181688033,-0.22193811878644037,2.537593984962406,4.0,2020.0,3.0,2.0,0.0,0.0,0.0,1.0,0
0.8640776699029126,0.4960627813050235,0.4239523602262995,0.0037429095646374874,-0.19047406064330427,-0.22043627242989147,-0.07598371777476255,0.024007933641281506,-0.10935023040208383,0.3123192596876808,0.0,2021.0,0.0,2.0,3.0,0.0,0.0,0.0,1
0.0,0.1399783176384727,0.8204759852299708,-0.189345204630036,-0.0,-0.41860662270704685,-0.4151967435549525,-0.5773242562887398,-0.058595850798855306,-0.6766917293233082,3.0,2021.0,-1.0,1.0,2.0,0.0,0.0,0.0,0
-0.6310679611650486,0.946109551122032,0.09246336269519627,-1.1719771163539905,0.31316591527439414,-0.496247527280963,0.9023066485753053,-0.17600775767755347,-0.4695045252812102,0.7518796992481203,4.0,2023.0,2.0,1.0,3.0,1.0,0.0,0.0,1
0.06796116504854369,1.1550076010624524,0.8800143424226784,-0.4794048915907864,-0.04830494512625291,-0.7107727640005786,0.7842605156037992,-0.7032721161439665,-0.820947945048837,-0.3909774436090225,3.0,2023.0,0.0,1.0,3.0,0.0,0.0,0.0,1
0.6699029126213593,-0.07496367460648136,0.028741874047501205,-0.08459042858564059,0.5274151392677356,0.78730086006633,-0.8005427408412483,0.6755951456519275,-0.059018965491415276,-0.29854046881910656,2.0,2020.0,0.0,2.0,1.0,0.0,0.0,0.0,1
0.0,-0.706562251504955,-0.4083868518367466,0.5104628775873341,0.0,1.6011889458713482,0.05698778833107191,0.7858283888696419,-1.1313396666797053,0.12687969924812034,0.0,2022.0,0.0,1.0,0.0,0.0,0.0,0.0,1
-1.2233009708737863,0.2691903053267522,0.266932374941353,0.3197164799731778,0.8891367287446292,-0.7268339925452129,-0.5210312075983717,-1.4038551746119867,-0.19565666437510817,0.3947368421052631,4.0,2020.0,0.0,0.0,2.0,0.0,0.0,0.0,0
-0.6213592233009708,-0.6456864369048769,-0.7423503066282199,-0.10886459840492496,0.10451533099973015,-0.16820436082769072,-0.15332428765264586,-0.7072824229197854,0.10860727441469388,0.24167561761546721,2.0,2021.0,1.0,1.0,0.0,0.0,0.0,0.0,0
-0.04854368932038835,1.3118724065104355,1.6315634128644076,-0.2916577604710663,0.03920407623519495,-0.807603970445016,0.7706919945725916,-1.1381606602623837,-1.0594733642150858,-0.6766917293233082,0.0,2023.0,-1.0,1.0,3.0,0.0,0.0,0.0,1
0.0,0.0090957356399389,-0.2891866176577068,-0.34106494285792127,-0.0,-0.3260971990983698,0.07869742198100407,-0.49489429262401974,-0.0029660939159232933,-0.0922761449077238,3.0,2022.0,1.0,1.0,2.0,0.0,0.0,1.0,0
1.5339805825242718,0.553586264788159,-0.38618390418385257,-0.5279551781827686,-0.4606773766261001,-0.30031499868663486,-0.30529172320217096,-0.0643244296370337,-0.16625025838279506,0.7132696606380818,2.0,2021.0,3.0,4.0,3.0,1.0,1.0,0.0,0
-1.0679611650485437,0.04781195026105924,0.7566861064854555,-1.3802926246249938,0.6457598891401952,-0.6046660780130919,-0.5549525101763908,-1.1025338740724686,-0.028910264446511718,-0.6766917293233082,1.0,2020.0,-1.0,0.0,2.0,0.0,0.0,0.0,1
0.39805825242718446,-1.1839879653496814,-1.1148896760580036,-1.0837040458295955,0.055964907304824216,0.14059476713163158,0.6187245590230664,-0.7014685206673428,-0.16646251227499273,12.18045112781955,1.0,2023.0,1.0,2.0,0.0,0.0,1.0,0.0,1
1.1650485436893203,-0.8820238204206077,-0.5298225683887596,-0.23537176930131534,-0.1029265625774028,-0.08834529954560408,0.2700135685210312,-0.7638556604811311,0.07792265862141669,-0.34702139965297857,1.0,2022.0,0.0,3.0,0.0,0.0,0.0,0.0,0
1.766990291262136,0.8646257315608341,0.302923497807907,-0.22117638686889096,-0.5301651549068807,-0.3000385217330149,-0.03934871099050204,0.1565968587415235,-0.2594210263498392,0.547798066595059,3.0,2021.0,1.0,4.0,3.0,0.0,0.0,1.0,1
-0.3106796116504854,-0.6289431768848585,-0.35466707003060866,0.395930774285885,-0.15778454668570166,0.5078690096446022,-0.5359565807327001,0.05178223212349811,-0.31942074836724293,-0.3292013818329607,3.0,2020.0,0.0,1.0,0.0,0.0,0.0,1.0,0
0.3883495145631068,-0.9425731200705357,-0.9478164358156161,1.034929694035066,0.04792601779049546,0.12340949581052582,-0.30529172320217096,-0.5493910479692895,-0.11632247351245903,7.894736842105262,3.0,2021.0,1.0,2.0,0.0,1.0,0.0,0.0,1
0.0,0.3308537196687105,-0.06649999672487011,-0.25764452400429366,-0.0,-0.05968704243819495,0.9348710990502035,0.13345886606591592,-0.01974768000670098,1.037593984962406,3.0,2023.0,1.0,1.0,2.0,0.0,0.0,0.0,1
0.1553398058252427,0.8527966733338876,1.313829447784018,2.088627797198197,-0.08772645200998248,-0.5647390348142622,0.06377204884667571,-0.4163602216839533,-0.4816075701913934,-0.6766917293233082,4.0,2022.0,-1.0,1.0,3.0,1.0,0.0,0.0,1
-0.06796116504854369,0.47745286973175927,-0.23189085470580675,0.03258772245181973,0.023842419339739386,-0.35082417028473667,-0.1723202170963365,-0.20735883381259285,-0.16750200687371092,1.0003269042170644,3.0,2021.0,2.0,1.0,3.0,1.0,0.0,0.0,1
0.33980582524271846,0.7002817642480439,1.2082713376604228,1.098528388790105,0.23718871579388734,0.6980125064791541,0.06648575305291723,1.1542278146468545,0.48880542950442124,-0.6766917293233082,0.0,2022.0,-1.0,2.0,3.0,0.0,0.0,1.0,1
-1.9611650485436893,-0.7092778852430095,-1.0531944742107093,0.34075583945527393,-3.916959760854755,1.9972616602378206,0.576662143826323,1.0177785214646753,-1.4166135266504236,0.6090225563909776,3.0,2023.0,2.0,0.0,0.0,0.0,0.0,0.0,0
0.5339805825242718,-1.2440438381180483,-1.1564514548609985,-1.1228628895112989,-0.0342424526299183,-0.06412677492511973,-0.2930800542740841,-0.9885018382485493,0.07977651920397817,1.8947368421052633,2.0,2021.0,1.0,2.0,0.0,0.0,0.0,0.0,0
0.10679611650485436,1.1066147918760532,0.8465211453662448,0.8131720826099436,-0.010704619044818984,-0.10023416014694139,-0.6132971506105834,0.6296433746375883,-0.11092060426987853,-0.06444683136412459,3.0,2020.0,0.0,1.0,3.0,0.0,0.0,0.0,1
-0.1650485436893204,-0.36018459643198447,-1.1876794784825004,-0.13963588171379143,-0.16114854939023276,0.9763706227761161,0.1926729986431479,0.6157087996265225,-0.3516736587326607,2.0018796992481205,3.0,2022.0,4.0,1.0,1.0,1.0,1.0,0.0,0
1.5922330097087378,-0.30240865055542115,0.5142925924996866,-0.1522402888767398,-0.6528770634218509,-0.4100386434905527,0.3514246947082768,-0.8735147929029815,0.12399923285355346,-0.6766917293233082,2.0,2022.0,-1.0,4.0,1.0,0.0,1.0,0.0,1
-0.5145631067961165,0.9673819999765886,0.7501566514215451,0.4959912888031564,0.01596103197989339,-0.031018609319415455,0.4450474898236092,0.6213180759155533,-0.030006844319908573,-0.2619451855445064,4.0,2022.0,0.0,1.0,3.0,0.0,0.0,0.0,1
-0.3106796116504854,0.3465970270112693,0.3205060511466672,0.3711366999266099,-0.3195218646423858,1.0284610018176794,0.7801899592944369,1.1542278146468545,0.3564615256270393,-0.11768551814318402,1.0,2023.0,0.0,1.0,2.0,0.0,0.0,0.0,0
1.5533980582524272,-0.22703309107567277,0.5664612732921496,-0.9020254163232235,-0.6627766847615997,-0.4266624908152798,-0.23202170963364993,-0.8539716966084495,0.09686650413583882,-0.6766917293233082,3.0,2021.0,-1.0,4.0,1.0,0.0,0.0,0.0,1
-0.6407766990291263,1.3118724065104355,0.9885822693559075,-1.612720010723844,0.47020446747568806,-0.733803941666604,-0.8168249660786974,-0.6981576779759503,-0.962657142861011,-0.3383458646616541,0.0,2020.0,0.0,1.0,3.0,0.0,1.0,0.0,1
-0.42718446601941745,0.01908500104811036,0.09383327181617168,1.1033319863724862,-0.35300850137016154,0.8263608100256055,0.932157394843962,0.7724623138976925,0.015771096925456005,-0.1821862348178137,4.0,2023.0,0.0,1.0,2.0,0.0,0.0,0.0,0
-0.10679611650485436,0.6454317215653605,0.5273318144026186,0.12435843236057141,0.018139219416694528,-0.16984905453813967,-0.1044776119402985,0.20540683114912023,-0.1096259676768003,0.24167561761546721,1.0,2021.0,0.0,1.0,3.0,0.0,0.0,0.0,0
0.6601941747572816,-0.05485258410563268,-0.3334446114531165,0.0833875616422199,0.3053143870027411,0.4624614979600343,0.2672998643147897,0.41817985884629433,-0.025367208212469655,-0.049514028974876154,1.0,2022.0,1.0,2.0,1.0,0.0,0.0,0.0,1
0.1650485436893204,0.11529048791611253,-0.2156901160166035,-0.6232067876893193,0.029060302352178127,0.17607124366319687,0.35278154681139756,0.2579150670581794,0.020299339589926704,0.44132069303694016,2.0,2022.0,1.0,1.0,2.0,0.0,0.0,0.0,1
-1.0,1.1284357281977666,0.8616236548809112,0.18460265003284412,0.3274816226274142,-0.3274816226274142,0.11533242876526459,0.29599388469057675,-0.36954196330095235,-0.11768551814318402,2.0,2022.0,0.0,0.0,3.0,0.0,1.0,0.0,1
-0.4077669902912621,0.3076802146020531,0.29357147606264866,-1.1103481626846072,0.25816686104516917,-0.6331234925631529,-0.5603799185888738,-1.0089362248238347,-0.19479957206143225,-0.11768551814318402,1.0,2020.0,0.0,1.0,2.0,0.0,0.0,0.0,1
-0.46601941747572817,0.33217525541934845,-0.06558536683879275,0.40378399992451997,-0.2700326935863146,0.5794451549873001,0.5291723202170964,0.7949999170772307,0.19247734235941036,-0.1295792673172292,3.0,2023.0,1.0,1.0,2.0,0.0,1.0,0.0,0
-0.05825242718446602,-0.1739295708250812,0.6032151045874719,1.0560721301313396,-0.06846280549538879,1.175278161004174,0.6255088195386703,0.8879224304126523,-0.2044156261435467,-0.6766917293233082,2.0,2023.0,-1.0,1.0,1.0,0.0,0.0,0.0,0
0.33980582524271846,0.17787987242670553,0.8467082828995703,-0.07349707115266704,-0.06904056907221269,-0.20317653184108303,0.12890094979647218,-0.17524004442342905,-0.036141015563992324,-0.6766917293233082,0.0,2022.0,-1.0,2.0,2.0,0.0,0.0,0.0,0
0.3300970873786408,0.499611675468263,0.050296951959717895,-0.03479136065683953,-0.08545136250324205,-0.25886736287746853,0.0013568521031207597,-0.03395605363558275,-0.12933315689126287,0.07961079168509512,2.0,2021.0,1.0,2.0,3.0,1.0,0.0,0.0,1
-1.3786407766990292,-0.9408827836085178,-0.5705583159463145,-0.9118791898098958,0.4466558698724287,-0.32398277885112786,-0.7408412483039348,-1.1644354047271765,0.30482981880667204,-0.24812030075187966,3.0,2020.0,0.0,0.0,0.0,0.0,0.0,1.0,0
0.8349514563106796,-1.6819284030032726,-1.083422190239384,-0.46576124805384983,1.7586542659202453,2.1062952254626195,-0.8005427408412483,0.3898932790623544,-3.5426377648157614,-0.34702139965297857,3.0,2020.0,0.0,2.0,0.0,0.0,0.0,0.0,0
0.20388349514563106,1.3118724065104355,0.9885822693559075,0.2762756870802714,-0.06586392018203668,-0.32304684660713234,-0.2944369063772049,0.43382070270315626,-0.4237962440741062,0.4921394395078606,3.0,2021.0,0.0,1.0,3.0,1.0,0.0,0.0,1
0.0,-0.98784414216168,0.03989126649640549,-0.26497952753670906,0.0,0.6906954461458589,-0.3514246947082768,-0.04817778600980836,-0.6822994504929348,-0.6766917293233082,3.0,2021.0,-1.0,1.0,0.0,1.0,0.0,0.0,1
0.34951456310679613,0.499611675468263,1.0693842252011079,0.521190255026891,0.17825467809541068,0.5100064401063139,0.9226594301221167,0.8535442822366155,0.2548051720411198,-0.6766917293233082,2.0,2023.0,-1.0,2.0,3.0,0.0,1.0,0.0,1
0.8640776699029126,-0.32330079357427605,-0.5192339806537613,1.231042510082062,0.0,0.0,0.5861601085481682,-0.2547958689924375,-0.0,0.44132069303694016,1.0,2023.0,1.0,2.0,1.0,0.0,0.0,0.0,0
0.36893203883495146,0.14650338797980772,0.824992095148557,0.8741516407624335,0.11840807804108879,0.32094821153242487,0.3405698778833107,0.4281579903939361,0.04702000035556024,-0.6766917293233082,1.0,2022.0,-1.0,2.0,2.0,0.0,0.0,1.0,0
1.0485436893203883,0.555282777975789,1.1079151229632653,-0.5096883352254488,-0.6451477721959914,-0.6152798197795103,0.05834464043419267,-0.775791580317671,-0.34165428755960925,-0.6766917293233082,3.0,2022.0,-1.0,3.0,3.0,0.0,0.0,0.0,0
0.0,0.5912579945651588,0.4898377224935457,0.34896389972956315,-0.0,-0.28917775313419786,-0.6350067842605156,-0.01881434124389421,-0.1709786583909844,0.0,4.0,2020.0,0.0,1.0,3.0,1.0,0.0,0.0,1
-0.06796116504854369,-0.5695833512089713,-0.9565184066445385,0.654948013083214,-0.018112601823583298,0.2665139982612971,0.9715061058344641,-0.13341575476012743,-0.15180193627377156,0.5675479020130972,2.0,2023.0,2.0,1.0,0.0,0.0,1.0,0.0,1
1.766990291262136,0.5134143316091991,1.0789372735270455,0.10101735058204818,-0.22732760431203147,-0.12865243540735846,-0.22388059701492538,0.17030683135734032,-0.06605200413456461,-0.6766917293233082,0.0,2021.0,-1.0,4.0,3.0,0.0,0.0,0.0,0
0.6990291262135923,0.12653859121773986,-0.4747534377044787,0.17407495327493955,-0.1736921323723645,-0.248476244921577,-0.7544097693351425,-0.2817351083368258,-0.03144183398345044,1.0003269042170644,1.0,2020.0,2.0,2.0,2.0,0.0,0.0,0.0,1
0.44660194174757284,-0.3006862704627404,-0.7704248966785574,0.43675459015520485,0.05256638646220168,0.11770299577406028,0.010854816824966078,-0.10082784314109852,-0.035391674821593874,0.24167561761546721,2.0,2021.0,2.0,2.0,1.0,0.0,0.0,0.0,0
-0.9902912621359223,1.191866018084982,0.5294079635881482,0.4794930283839784,0.14459417764163238,-0.14601176761851112,0.7652645861601085,0.6268426402526689,-0.17402646406502456,3.6090225563909772,3.0,2023.0,1.0,0.0,3.0,0.0,0.0,0.0,0
-2.2427184466019416,0.2941214952417785,0.2841874023118611,0.7272154393195636,0.7813171347285459,-0.3483795016322088,0.7910447761194029,-0.3328312496183132,-0.10246589993165087,5.7518796992481205,1.0,2023.0,0.0,0.0,2.0,1.0,0.0,1.0,1
0.23300970873786409,0.4902586866270686,0.4199353021914748,-1.6374603555974836,-0.16808295731623013,-0.7213560251488209,-0.9443690637720489,-1.2217837029749414,-0.3536510574799836,-0.0922761449077238,4.0,2020.0,0.0,2.0,3.0,0.0,0.0,0.0,1
0.11650485436893204,0.4323617485850495,0.003753401185348485,0.0955220972645687,0.11005467944377084,0.944635998559033,0.7883310719131614,1.1542278146468545,0.4084244721133678,0.44132069303694016,2.0,2023.0,1.0,1.0,2.0,0.0,0.0,0.0,1
0.0,0.8429614226595199,0.6640439261465069,0.34070198537705315,0.0,0.4562759269949998,-0.4287652645861601,1.0489318657983007,0.38462300454499626,-0.0922761449077238,4.0,2021.0,0.0,1.0,3.0,0.0,0.0,0.0,1
0.11650485436893204,0.044869767641807674,-0.5312747811424626,0.3809309407675682,-0.06553928528805308,-0.5625455320557889,-0.8900949796472184,-0.9829401040818679,-0.025241287311280322,37.89473684210526,3.0,2020.0,2.0,1.0,2.0,0.0,0.0,1.0,1
0.0,-1.1435446409005734,-0.7108181831276552,-0.13777879275105911,0.0,1.6785406291524827,0.7123473541383989,0.5232301622384976,-1.9194861410011983,-0.06444683136412459,3.0,2023.0,0.0,1.0,0.0,0.0,0.0,0.0,0
0.5436893203883495,0.2207122532694514,0.2333804361342273,-0.8024436469845718,-0.1888989134928724,-0.3474390730315332,0.7449118046132972,-0.3831470050830709,-0.07668406068263918,1.1600429645542427,3.0,2023.0,0.0,2.0,2.0,1.0,0.0,1.0,1
-0.883495145631068,-0.6244902375147128,-0.35158520957049666,-0.3360957568914169,-0.599320973595011,0.678352310772375,0.21438263229308005,0.19932109024921155,-0.4236243956728947,-0.2619451855445064,3.0,2022.0,0.0,0.0,0.0,0.0,0.0,1.0,0
-0.07766990291262135,-0.5257887151071138,-0.9262099983111615,0.13584521764863267,-0.0483000803311462,0.6218635342635074,0.17096336499321574,0.22267990064514498,-0.3269688286523782,0.7518796992481203,3.0,2022.0,2.0,1.0,1.0,1.0,0.0,1.0,1
-0.6213592233009708,0.3708296384147014,-0.03883280314310715,-0.3762441907337449,0.18116714686766658,-0.2915658769901509,0.6445047489823609,-0.17905288547188278,-0.10812126873832296,1.6609706083390294,3.0,2023.0,1.0,1.0,2.0,0.0,1.0,0.0,0
-0.30097087378640774,0.4229592268180837,1.0163317881354001,-0.9940033666001089,0.15556825733223043,-0.5168880808135399,0.5915875169606513,-0.5965277405624522,-0.21862258301237797,-0.6766917293233082,3.0,2023.0,-1.0,1.0,2.0,0.0,0.0,0.0,1
-0.32038834951456313,-0.08359439497390296,-0.6201818463870649,-0.48858500518164544,0.09804820487294401,-0.3060292455125222,0.7964721845318861,-0.5256844382187972,0.0255823296229393,1.0003269042170644,4.0,2023.0,2.0,1.0,1.0,0.0,0.0,0.0,0
-0.36893203883495146,-0.1572925596344402,-0.4043421207874917,-0.7199425471666268,0.13735560359350332,-0.3723059781613379,0.12890094979647218,-0.6971614537486267,0.058560960272200833,0.4921394395078606,3.0,2022.0,1.0,1.0,1.0,0.0,0.0,0.0,1
-0.970873786407767,1.2681567265282696,0.5822092359542035,-0.35814362016469825,0.6922700932628294,-0.7130381960607143,0.9497964721845319,-0.6330475172048183,-0.9042441846059779,0.07961079168509512,3.0,2023.0,1.0,0.0,3.0,1.0,1.0,0.0,0
-0.0970873786407767,0.09290324720453413,-0.49803180218018656,-0.09753116404169433,0.0070426306279178326,-0.07253909546755367,1.0067842605156039,-0.05196800651383646,-0.00673911751821544,2.8298017771701978,4.0,2023.0,2.0,1.0,2.0,0.0,0.0,0.0,1
-0.42718446601941745,1.3118724065104355,0.6124651492018113,1.2291041931744675,0.2989163222567122,-0.6997359361918492,-0.7354138398914518,-0.5448487642028874,-0.9179642665338337,0.2100077780658543,1.0,2020.0,1.0,1.0,3.0,0.0,0.0,0.0,1
-2.2427184466019416,-0.03447384215927779,0.05676500942807105,0.09864242263050174,-1.2530991384900965,0.558741174305108,0.7164179104477612,0.5174121201643354,-0.019261955050883812,0.12687969924812034,1.0,2023.0,0.0,0.0,1.0,0.0,0.0,0.0,0
1.6019417475728155,-1.516605574678444,-1.6118855554238805,2.005950944227812,5.298915012701534,3.3078075533833817,0.023066485753052916,1.1293303134327672,-5.016639375424702,2.290341237709659,2.0,2021.0,2.0,4.0,0.0,1.0,0.0,0.0,1
0.8543689320388349,0.5051066256125887,-0.21275198250348362,-0.190107308773138,-0.40665805214772716,-0.47597476558199886,-0.1994572591587517,-0.44172159907692043,-0.24041800771986635,1.1600429645542427,3.0,2021.0,2.0,2.0,3.0,0.0,0.0,0.0,0
-0.2912621359223301,0.20581142695971358,0.22306749237604073,0.10814097557725633,-0.014712320649763437,0.05051230089752114,0.24830393487109906,0.1810194174470359,0.010396008726737247,0.6090225563909776,3.0,2022.0,0.0,1.0,2.0,0.0,0.0,0.0,1
0.019417475728155338,0.9364688651480348,0.08579107093768358,0.17282998824207713,-0.0037323751692514154,-0.1922173212164479,-0.8561736770691994,0.3788209467691374,-0.18000553666136226,1.0003269042170644,2.0,2020.0,2.0,1.0,3.0,0.0,0.0,0.0,0
-0.9029126213592233,0.440644665841806,0.009485989600403113,1.1869088608787026,-0.05354370622320276,0.059301093989138534,0.036635006784260515,0.3577830882776287,0.02613071074489748,2.537593984962406,3.0,2022.0,1.0,0.0,2.0,0.0,0.0,0.0,0
1.3203883495145632,-0.2120401799666555,-0.44223221524378487,-0.29810202743821607,0.27090072132132653,0.20516745805953407,0.7584803256445047,0.05680624096028594,-0.04350374473024485,-0.11768551814318402,3.0,2023.0,1.0,3.0,1.0,0.0,0.0,0.0,1
1.4757281553398058,-1.0852173352650964,-1.046534909911288,-0.14347520827193772,2.4744281328092783,1.67675064262734,-0.5440976933514247,0.5634887888983429,-1.81963886429608,0.44132069303694016,0.0,2020.0,1.0,4.0,0.0,1.0,0.0,0.0,1
0.1262135922330097,-0.26878716189855234,-0.48150596861197736,0.23087836292446431,0.0726174568055251,0.5753536962283912,-0.12211668928086838,0.3655702576363312,-0.15464768709707108,1.1600429645542427,3.0,2021.0,1.0,1.0,1.0,0.0,0.0,0.0,1
0.7961165048543689,-0.7846470963520983,-1.312317890872305,0.40853677917868075,-0.20475049951986718,-0.25718660305544294,0.8941655359565808,-0.9414493595863949,0.201800721308113,1.380451127819549,3.0,2023.0,3.0,2.0,0.0,0.0,0.0,0.0,0
0.14563106796116504,-0.5675297291601727,-0.3121630563376384,1.3118555838589157,0.18206225814400367,1.250160839255492,-0.11804613297150611,0.6596037328160412,-0.7095034425093236,-0.06444683136412459,1.0,2021.0,0.0,1.0,0.0,0.0,0.0,0.0,0
-1.029126213592233,0.3726102753908678,0.33850999332635023,-0.2484006348222531,-0.4221983150740667,0.4102493061568761,-0.2564450474898236,0.6733855136349352,0.15286310694602603,-0.03383458646616534,3.0,2021.0,0.0,0.0,2.0,0.0,0.0,0.0,0
-0.3106796116504854,1.2421737558874137,0.9403430238596988,-0.44891720273187596,0.2164017602850185,-0.6965431659174034,-0.09362279511533243,-0.5809650774769303,-0.865227640545331,-0.24812030075187966,3.0,2021.0,0.0,1.0,3.0,0.0,0.0,0.0,0
0.10679611650485436,0.21667824869041857,-0.14552030405899297,0.08109974318416478,-0.00838281091691301,-0.07849359313109455,0.06241519674355495,0.027914729297064116,-0.017007854293063836,0.12687969924812034,1.0,2022.0,1.0,1.0,2.0,0.0,0.0,0.0,1
-0.34951456310679613,-1.062367474810614,-0.011687573904737111,1.3801925617701498,-0.5509773043112826,1.5764072873350585,0.28493894165535955,0.5183825002015604,-1.6747238291191962,-0.6766917293233082,1.0,2022.0,-1.0,1.0,0.0,1.0,1.0,0.0,1
-0.1650485436893204,0.25683080170230016,0.25837828954584713,-0.36358173347912703,0.03792383609525311,-0.22977383045947475,0.6200814111261872,-0.15998291983668994,-0.0590129970871153,0.12687969924812034,4.0,2023.0,0.0,1.0,2.0,1.0,0.0,0.0,1
-0.06796116504854369,0.8615839637239154,1.3199112778964857,-0.13031883126131605,-0.013733449644083311,0.2020779019057973,-0.07055630936227951,0.8145009282594938,0.1741070797050094,-0.6766917293233082,2.0,2021.0,-1.0,1.0,3.0,1.0,0.0,1.0,0
-0.05825242718446602,-0.5910586208581327,-1.178349036359204,0.18180122240046753,-0.12177687364556264,2.0905029975821585,0.6526458616010855,1.1542278146468545,-1.2356098186507027,50.751879699248114,1.0,2023.0,3.0,1.0,0.0,0.0,1.0,0.0,0
0.04854368932038835,-0.20847066191859337,-0.4397618016923395,-0.6175426651752302,-0.014400765916181937,-0.2966557778733479,0.09090909090909091,-0.5982153808544767,0.06184402637523204,5.7518796992481205,1.0,2022.0,1.0,1.0,1.0,0.0,0.0,0.0,1
-0.8155339805825242,-0.0888883557406908,-0.8308227254510443,0.554903876866971,0.45052837860170797,-0.5524336070949515,-0.29579375848032563,-1.0504052079903645,0.04910491499056906,1.5593331153971886,3.0,2021.0,3.0,0.0,1.0,0.0,0.0,0.0,1
-0.5533980582524272,-0.7318770303144754,-0.8020004779154629,1.188191719653362,-0.44994581085618496,0.8130599740032817,0.33649932157394846,0.22997111404550677,-0.5950599192410864,-0.06444683136412459,3.0,2022.0,1.0,1.0,0.0,0.0,0.0,0.0,0
-0.9902912621359223,0.4206203976209268,0.3717381312449121,0.35185650343780733,-0.24350278289981087,0.24589006508510314,0.45454545454545453,0.54743850943316,0.10342637694713165,-0.03383458646616534,3.0,2022.0,0.0,0.0,2.0,0.0,0.0,0.0,0
0.7669902912621359,-0.1979610757208444,-0.056384892829719827,0.3865002130960936,-0.006462875751246362,-0.008426281042764244,0.1383989145183175,-0.17636147947544403,0.0016680756595517682,-0.23334197562872697,1.0,2022.0,0.0,2.0,1.0,0.0,0.0,1.0,0
-1.6310679611650485,0.23667033754997066,-0.3985332004340475,1.6833643877188555,-1.7398767113276272,1.0667101265877714,-0.8548168249660787,1.1035024346325806,0.2524586457274998,0.8068247541931753,4.0,2020.0,2.0,0.0,2.0,0.0,0.0,0.0,1
0.9029126213592233,-0.8143774456208085,-1.125928340041,-0.17327500453819164,-0.26278167066359404,-0.29103776428333533,-0.6295793758480326,-1.0181562816592333,0.2370145910562536,-0.022938702688925623,2.0,2020.0,2.0,3.0,0.0,1.0,0.0,0.0,1
1.0776699029126213,-0.4524838808081938,-0.23254011255010248,0.5691394020145489,1.0159462145765195,0.9427248657782118,-0.4016282225237449,0.5256702048362163,-0.4265678058017089,-0.3195488721804511,2.0,2021.0,0.0,3.0,1.0,0.0,1.0,0.0,0
-0.23300970873786409,0.4802095711466147,1.0559557054787423,-1.192932183829221,0.1111089276275302,-0.47684248106815047,-0.40705563093622793,-0.46133366479883364,-0.2289843233382243,-0.6766917293233082,2.0,2021.0,-1.0,1.0,3.0,1.0,0.0,0.0,0
0.0,-0.4005153047871755,-0.5726727808840574,0.5730176308541484,0.0,1.8543024693966736,0.3677069199457259,1.1542278146468545,-0.742676518698021,1.6609706083390294,2.0,2022.0,1.0,1.0,1.0,0.0,0.0,0.0,0
-0.27184466019417475,1.288058972987579,0.3291264020688419,0.7556190617419346,-0.06471715345993413,0.23806667165618628,-0.9308005427408412,1.1542278146468545,0.3066439125960385,12.18045112781955,4.0,2020.0,2.0,1.0,3.0,0.0,0.0,0.0,0
-0.04854368932038835,-0.42206891051448936,-0.5875896232850217,-0.7537484975091364,0.00931409510472034,-0.191870359157239,0.5305291723202171,-0.5835265442010621,0.08098251344951964,0.35187969924812035,4.0,2023.0,1.0,1.0,1.0,0.0,0.0,0.0,0
-0.7766990291262136,-0.13972602440666204,0.6268879490398186,0.7565131731667349,0.16712790651055995,-0.21517717963234595,-0.44097693351424694,-0.41854659770211416,0.030065851853065872,-0.6766917293233082,2.0,2021.0,-1.0,0.0,1.0,0.0,0.0,0.0,0
0.0,0.6492519942285929,1.1729527834575475,0.018431432471778694,0.0,0.19103612373457024,-0.35278154681139756,0.6523323798696594,0.12403058430436996,-0.6766917293233082,4.0,2021.0,-1.0,1.0,3.0,0.0,0.0,0.0,1
1.1941747572815533,-1.2412742013956448,-1.154534726460602,0.2687986411516824,0.7273729113056979,0.6091008932072105,0.07869742198100407,-0.29511308239960576,-0.7560612247851541,1.037593984962406,3.0,2022.0,1.0,3.0,0.0,0.0,0.0,0.0,1
0.5242718446601942,-1.5166425327758715,-0.32609891167178134,-0.26880185419401953,0.6380100802444991,1.2169451530589521,-0.5386702849389416,-0.03542613232105013,-1.8456707791846496,-0.6766917293233082,4.0,2020.0,-1.0,2.0,0.0,0.0,0.0,0.0,1
-0.7087378640776699,-1.327549550956712,-0.8381649849915773,0.0,-0.7797564450204888,1.100204299138498,0.7856173677069199,0.018378018183072088,-1.460575723281957,-0.377688407064172,1.0,2023.0,0.0,0.0,0.0,0.0,1.0,0.0,0
-1.233009708737864,0.9146207832009765,0.713640076506195,-2.2987097866175272,1.0022630223823905,-0.8128589866565845,-0.7978290366350068,-1.459691371036693,-0.7434577230077974,-0.2870813397129186,3.0,2020.0,0.0,0.0,3.0,0.0,0.0,1.0,1
0.0,-0.5444783473119452,0.34675212146660106,0.4962355796305979,0.0,0.3731018079125291,-0.08683853459972862,-0.011432107547000518,-0.2031458557513127,-0.6766917293233082,1.0,2021.0,-1.0,1.0,0.0,0.0,0.0,0.0,1
-0.1650485436893204,1.3118724065104355,0.9885822693559075,0.1158551298110414,0.11470306338413848,-0.6949656193274272,0.7164179104477612,-0.5250662571019814,-0.9117062194690871,-0.3552631578947368,3.0,2023.0,0.0,1.0,3.0,0.0,0.0,0.0,1
0.3883495145631068,-0.5544414372585701,-0.303104691906828,-0.26186950482404225,0.013771776417172055,0.03546232427421804,0.2537313432835821,-0.3756599920000097,-0.01966178203912693,-0.11768551814318402,0.0,2022.0,0.0,2.0,0.0,0.0,0.0,0.0,0
-0.4077669902912621,0.04770818096809302,-0.2624632909768895,2.5970280007159405,-0.5100905868105515,1.2509364390830193,-0.3880597014925373,1.0961849826842458,0.05967990201535455,1.4661654135338344,3.0,2021.0,1.0,1.0,2.0,0.0,0.0,1.0,1
0.39805825242718446,1.1394057734984453,0.4930999299892326,-0.9797551130329225,-0.302515364114844,-0.7599776220446081,-0.13297150610583447,-0.9557697598723975,-0.8659228902872458,-0.049514028974876154,2.0,2021.0,1.0,2.0,3.0,0.0,0.0,0.0,0
1.5048543689320388,1.3118724065104355,1.6315634128644076,0.013897542724149815,-0.31709323863051064,-0.210713571477049,0.43283582089552236,0.6170832306020637,-0.2764293200980049,-0.6766917293233082,2.0,2022.0,-1.0,4.0,3.0,0.0,0.0,0.0,1
0.6407766990291263,1.3118724065104355,0.34560772153501385,-0.7470369374760287,-0.3887635811143271,-0.6067068008299347,0.9606512890094979,-0.2129122776723666,-0.7959219108510138,3.180451127819549,3.0,2023.0,2.0,2.0,3.0,0.0,0.0,1.0,1
-0.02912621359223301,0.8710206440246908,1.3264425615877722,-1.1832242855668242,0.01425847162506183,-0.4895408591271228,0.8018995929443691,-0.2135180369290507,-0.42640019439330695,-0.6766917293233082,4.0,2023.0,-1.0,1.0,3.0,0.0,0.0,0.0,0
-0.13592233009708737,0.7228102232802065,0.5808861565351212,-0.6556130273131132,-0.013003482139532575,0.0956684757408468,-0.28900949796472186,0.5997309410885779,0.0691501523111185,0.3947368421052631,3.0,2021.0,0.0,1.0,3.0,0.0,1.0,0.0,1
-0.27184466019417475,0.3757855218641358,-0.035402851872455975,1.5721072617192369,-0.0037407827730893484,0.013760736629578675,1.010854816824966,0.257506279268026,0.005171085595581151,3.6090225563909772,4.0,2023.0,1.0,1.0,2.0,0.0,0.0,0.0,0
0.9223300970873787,0.5252262199392075,-0.19882741421005531,0.27554553159333595,0.06656988457870266,0.07217576959585657,-0.9592944369063772,0.432723024443421,0.03790860663603493,1.0003269042170644,1.0,2020.0,2.0,3.0,3.0,0.0,0.0,0.0,1
-0.4854368932038835,-0.5439378328741069,0.3471262205162921,0.2311846525415754,-0.6498360021627,1.338662164455162,-0.9118046132971506,0.7348617697139991,-0.7281489966843021,-0.6766917293233082,3.0,2020.0,-1.0,1.0,0.0,0.0,0.0,0.0,0
0.038834951456310676,-0.7586557196602307,-0.4444404307048031,-0.4251334990794108,0.010919194388536176,0.28116925550480654,0.6648575305291723,-0.2526915809315977,-0.2133106638813303,1.4661654135338344,2.0,2023.0,0.0,1.0,0.0,0.0,0.0,0.0,0
0.04854368932038835,-0.1034136484644645,0.009051571279818448,0.638469559476478,-0.012711627656379182,-0.26185952972141113,-0.5712347354138398,-0.4661788693934379,0.027079849353680005,-0.23334197562872697,0.0,2020.0,0.0,1.0,1.0,0.0,0.0,0.0,1
-0.3883495145631068,-0.2375548494020393,-0.08378779336152731,-0.816785721836296,0.15885196549468925,-0.4090438111488248,-0.8466757123473542,-0.8255548336883218,0.09717034095629529,0.1804511278195489,3.0,2020.0,0.0,1.0,1.0,0.0,1.0,0.0,1
-1.058252427184466,-0.4651648405068322,-0.24131658220555313,-0.42955897580969277,0.21303131283111504,-0.2013048185468335,-0.4966078697421981,-0.6281749612936641,0.0936399238125946,0.07961079168509512,3.0,2020.0,0.0,0.0,1.0,0.0,1.0,0.0,1
0.2524271844660194,0.4593062810215869,0.3985129109289883,-0.017733410332244418,0.2319267088228238,0.9187865772596481,-0.12211668928086838,1.1542278146468545,0.42200444585368185,0.1804511278195489,3.0,2021.0,0.0,2.0,2.0,0.0,0.0,0.0,0
-0.038834951456310676,0.6675181834791406,0.5426180455047293,0.7322205334444163,-0.018600078911121785,0.478952031961386,0.48032564450474896,0.9449879881727475,0.3197091903485077,0.3947368421052631,3.0,2022.0,0.0,1.0,3.0,0.0,0.0,0.0,1
0.39805825242718446,-0.029607005909439117,-0.582818487432068,0.9077150463988232,-0.22274447602979983,-0.5595775861236435,0.2700135685210312,-1.0276310980287153,0.01656741689915239,1.0003269042170644,3.0,2022.0,2.0,2.0,1.0,0.0,0.0,0.0,0
-0.4077669902912621,1.0874728024686362,1.476252707457876,-0.3961235520905673,0.3108692748918593,-0.762369888425274,-0.4966078697421981,-1.0058853638203467,-0.8290565190835342,-0.6766917293233082,1.0,2020.0,-1.0,1.0,3.0,0.0,0.0,1.0,1
0.9514563106796117,0.4029826415421475,-0.01657980488897621,-0.3425608361619,0.08454273095683187,0.08885613559748656,0.029850746268656716,0.36527924378800575,0.035807480240302385,0.3123192596876808,1.0,2022.0,1.0,3.0,2.0,0.0,0.0,0.0,1
-0.6796116504854369,-0.25643221642907754,-0.09685283640321128,-0.07057315683561335,-0.42375717492803694,0.6235284145369686,0.8683853459972863,0.41497952630235063,-0.1598927733462235,-0.0922761449077238,3.0,2023.0,0.0,0.0,1.0,0.0,0.0,0.0,0
1.3300970873786409,0.3139298638449666,0.29789689754118803,0.264561390496978,0.2560304270537005,0.19249002909876753,0.6472184531886025,0.4162098787974371,0.060428368626489745,-0.03383458646616534,1.0,2023.0,0.0,3.0,2.0,0.0,0.0,0.0,0
-1.3495145631067962,-1.6016604549836275,-1.6707427604339102,-0.14161171748957482,-1.4486619900782554,1.0734689566766928,-0.32700135685210313,-0.19466825736976776,-1.7193327775615919,2.537593984962406,1.0,2021.0,2.0,0.0,0.0,0.0,1.0,0.0,1
0.33980582524271846,-0.16718823671242528,-0.41119079125462427,0.8930380208998275,0.5364261977148767,1.5786256675609227,0.9796472184531886,1.1542278146468545,-0.26392764178848593,0.9304511278195489,2.0,2023.0,1.0,2.0,1.0,0.0,0.0,0.0,0
0.3786407766990291,-0.1986038796666078,0.5861376042596089,0.2080938004099517,0.14711251386746574,0.38852792123971724,0.4369063772048847,0.24825630653407957,-0.07716315251701009,-0.6766917293233082,3.0,2022.0,-1.0,2.0,1.0,0.0,0.0,0.0,1
-0.6116504854368932,1.1163582189954249,1.4962447855896244,-0.7956314105075328,0.2708222861166646,-0.4427729439685152,-0.8426051560379919,0.06435838603919626,-0.49429321514805263,-0.6766917293233082,2.0,2020.0,-1.0,1.0,3.0,0.0,0.0,0.0,1
0.3300970873786408,0.40657270758098885,1.0049904051024923,-1.3617769563806148,-0.26230965534086403,-0.7946439558855586,-0.8968792401628223,-1.6873566146672987,-0.3230805447072594,-0.6766917293233082,3.0,2020.0,-1.0,2.0,2.0,1.0,0.0,0.0,1
1.0,0.19629028759534004,0.21647786048323003,0.24470035707015728,-0.21199924759380348,-0.21199924759380348,-0.6336499321573948,-0.17555104418714382,-0.04161339328018338,-0.14097744360902253,3.0,2020.0,0.0,3.0,2.0,0.0,1.0,0.0,1
-1.7184466019417475,1.3118724065104355,0.9885822693559075,-0.47691525877695135,1.2427612193195712,-0.7231887321464172,0.47489823609226595,-0.6479299813754825,-0.9487313424021511,-0.27490601503759393,2.0,2022.0,0.0,0.0,3.0,0.0,0.0,0.0,0
0.39805825242718446,0.8812074109707158,0.04754479973497401,1.4887062780374,-0.1277622264403275,-0.3209636420330179,-0.6024423337856174,0.13223567910232026,-0.2828355400116473,18.60902255639098,3.0,2020.0,2.0,2.0,3.0,0.0,0.0,0.0,1
-1.9320388349514563,0.3673987325076113,0.334903049438254,-0.2670396703004925,-1.9473294261242295,1.0079142255818876,0.04613297150610583,1.1542278146468545,0.3703064089551761,-0.23334197562872697,3.0,2022.0,0.0,0.0,2.0,0.0,0.0,0.0,1
-0.7475728155339806,-0.28282840751266847,-0.11512165739094542,0.4576492408953547,-0.36386067308496467,0.4867227185422255,-0.7815468113975577,0.2783520808629067,-0.13765901138553438,0.1804511278195489,3.0,2020.0,0.0,0.0,1.0,0.0,1.0,0.0,0
1.2718446601941749,-0.8722331597714102,-0.8991366032018462,-0.11599597272803773,0.48064251585637036,0.3779097643756194,0.8575305291723202,-0.23918084033949247,-0.32962542788981564,0.2100077780658543,3.0,2023.0,1.0,3.0,0.0,1.0,0.0,0.0,1
-0.44660194174757284,-0.40001171233313454,-0.5723242539351694,0.7379751611216834,-0.506654805306969,1.1344661944916914,-0.28493894165535955,0.6996122358400318,-0.45379976504267633,1.30133024869867,0.0,2021.0,1.0,1.0,1.0,1.0,0.0,0.0,1
-0.9029126213592233,0.7748283970838585,0.616888411797834,-0.07126087400254946,0.10942812780525586,-0.12119459316065971,0.8317503392130258,0.36590366143977276,-0.09390501235390433,12.18045112781955,3.0,2023.0,0.0,0.0,3.0,0.0,1.0,0.0,0
-0.14563106796116504,1.3118724065104355,0.34560772153501385,-0.06924518592592033,0.056183995394174124,-0.385796768373329,0.9050203527815468,0.31833542651899166,-0.5061161349498682,12.18045112781955,2.0,2023.0,2.0,1.0,3.0,0.0,0.0,0.0,0
1.6116504854368932,1.1403173209658053,1.5128272793235868,-0.07086939007273386,-0.376451616483672,-0.2335814246856519,-0.9552238805970149,0.46026207241935513,-0.2663569444249186,-0.6766917293233082,4.0,2020.0,-1.0,4.0,3.0,0.0,0.0,0.0,1
-1.4174757281553398,-0.493809972188679,-0.6372401629000832,1.233345400469785,-2.7906528832844812,1.968748266974668,-0.04748982360922659,1.1542278146468545,-0.9721875269612709,0.3123192596876808,3.0,2021.0,1.0,0.0,1.0,0.0,0.0,1.0,0
-0.8155339805825242,-1.0010394793012087,-1.2551057975469233,-0.21056102753846254,0.07942037953130932,-0.09738451299672453,-0.9185888738127544,-0.8603120596242887,0.09748574218224292,2.537593984962406,3.0,2020.0,2.0,0.0,0.0,1.0,0.0,0.0,0
1.1650485436893203,0.012594616250752491,-0.5536117101064649,1.1877334784755995,0.40491651702739995,0.34755334378185165,0.8331071913161465,0.3590218168185871,0.004377300991598276,0.6090225563909776,1.0,2023.0,2.0,3.0,2.0,0.0,0.0,0.0,1
1.4466019417475728,-1.522778316812854,-1.3493477026667513,-0.7368744846222203,0.5395608659224674,0.3729850281209003,0.05970149253731343,-0.7049042858859471,-0.5679735133183396,7.894736842105262,1.0,2022.0,1.0,3.0,0.0,0.0,0.0,0.0,0
-0.07766990291262135,0.1591777289348538,-0.1853160628433479,1.8723050229972211,-0.02366987898856397,0.30474969197776114,-0.8181818181818182,0.4212474202526462,0.04850936386261625,0.4921394395078606,2.0,2020.0,1.0,1.0,2.0,0.0,0.0,0.0,0
-0.9611650485436893,-0.21939544815572104,-0.7141660420257889,-0.4766074388377997,0.3360508685933097,-0.34962868146576664,-0.7476255088195387,-0.699057014657043,0.07670694125827571,4.144736842105263,2.0,2020.0,2.0,0.0,1.0,1.0,0.0,0.0,0
0.0,0.15813430014361748,0.19006990355983303,-0.887824760768154,-0.0,-0.28457044213209304,-0.20759837177747625,-0.31809063372793467,-0.04500034770811833,0.1804511278195489,1.0,2021.0,0.0,1.0,2.0,0.0,0.0,0.0,0
1.2427184466019416,-1.3830727268119083,-0.2336530231246139,-0.8790746689413533,1.0207280557448144,0.8213671073571555,0.8955223880597015,-0.22516763746935653,-1.1360104448860704,-0.6766917293233082,3.0,2023.0,-1.0,3.0,0.0,1.0,0.0,0.0,1
0.5339805825242718,0.3123157400395684,0.2967797522924488,0.575403141475978,0.2844472676433524,0.53269215576846,0.4056987788331072,0.7406617946227665,0.16636814484209964,0.3947368421052631,1.0,2022.0,0.0,2.0,2.0,1.0,0.0,0.0,0
-0.6213592233009708,-0.5290730304436084,-0.2855472925346272,0.5262201502149956,-0.78629506411579,1.2654436188113496,0.751696065128901,0.6970687351017417,-0.6695120902600472,0.03759398496240601,4.0,2023.0,0.0,1.0,1.0,1.0,0.0,0.0,0
-0.02912621359223301,-1.0414873181963038,-0.640185630020038,-0.6414637922071326,0.0040778245879768745,-0.1400053108538727,-0.24016282225237448,-0.9475700974997017,0.14581375573443972,-0.309344790547798,1.0,2021.0,0.0,1.0,0.0,0.0,0.0,0.0,0
-0.11650485436893204,-2.4103690106382274,-2.230319370380155,-0.2762561436047334,-0.28105213646693344,2.4123641713411788,-0.8805970149253731,0.04083099610701515,-5.814687840974744,1.7340225563909775,4.0,2020.0,2.0,1.0,0.0,0.0,0.0,0.0,0
0.2621359223300971,-0.12282640687900355,0.6385844559500194,-0.9284497339492395,-0.07817178691550826,-0.2982108908258278,0.9633649932157394,-0.5401524250774262,0.03662817221232323,-0.6766917293233082,4.0,2023.0,-1.0,2.0,1.0,0.0,0.0,1.0,1
1.1359223300970873,1.3118724065104355,0.6124651492018113,-0.09163340474632994,-0.88722509367954,-0.7810614072563472,-0.932157394843962,-0.9572875672503581,-1.0246529079698115,0.44132069303694016,3.0,2020.0,1.0,3.0,3.0,0.0,0.0,0.0,1
0.6893203883495146,1.2352215461400915,0.9355313197732671,0.037085394646713066,-0.3943803698480228,-0.5721292689344556,0.9104477611940298,-0.16583694471993599,-0.7067064001652185,-0.23334197562872697,3.0,2023.0,0.0,2.0,3.0,0.0,0.0,0.0,1
-0.8349514563106796,-0.4682756839226623,-0.6195684140496412,-0.7618974489943826,-0.0865903436525834,0.10370703949088478,-0.23609226594301222,-0.23534533153761078,-0.04856348484518862,-0.03383458646616534,2.0,2021.0,1.0,0.0,1.0,0.0,0.0,1.0,0
1.0776699029126213,-0.584970487076378,0.3187268367648398,0.07118547969456725,2.244580040219832,2.0828085057895738,-0.9470827679782904,1.1542278146468545,-1.2183815061185501,-0.6766917293233082,3.0,2020.0,-1.0,3.0,0.0,0.0,1.0,0.0,1
0.2524271844660194,0.2762686733979486,0.9148048116265115,0.7634356069418327,0.03425936133324658,0.1357197775893999,0.3989145183175034,0.32811251120169094,0.037495122908488145,-0.6766917293233082,2.0,2022.0,-1.0,2.0,2.0,1.0,0.0,0.0,0
0.5339805825242718,-0.9035516949095312,-0.9208110922561731,-0.7901032395498284,-0.1446026064860263,-0.27080124487383106,0.9755766621438263,-1.0478007347990952,0.24468292378936107,0.2100077780658543,2.0,2023.0,1.0,2.0,0.0,0.0,0.0,0.0,1
1.145631067961165,0.34257926344682593,0.9606994760150285,0.40171283493773946,-0.47752942827471584,-0.41682653484996385,0.9457259158751696,-0.4301103052200829,-0.14279612729399332,-0.6766917293233082,3.0,2023.0,-1.0,3.0,2.0,0.0,0.0,0.0,1
-0.8543689320388349,0.5153505118444224,0.061189780589117226,1.6512974233041517,-0.35118175242365446,0.4110422784049592,-0.6485753052917232,0.7752907787703351,0.21183084856569329,0.2756892230576441,2.0,2020.0,1.0,0.0,3.0,0.0,0.0,0.0,1
-0.019417475728155338,0.8859515777429552,0.6937978334628766,-0.017733410332244418,-0.010499686505543334,0.5407338550354818,-0.6078697421981004,1.1542278146468545,0.4790640120077155,0.1804511278195489,3.0,2020.0,0.0,1.0,3.0,0.0,0.0,0.0,1
-0.4077669902912621,-0.18123962421549028,-0.42091557157647935,-1.3675822358407967,0.2385090345080112,-0.5849150131982179,0.15332428765264586,-1.2061341687323657,0.10600977719004355,0.3947368421052631,1.0,2022.0,1.0,1.0,1.0,1.0,0.0,0.0,1
-1.2135922330097086,-0.26448532234891414,-0.4785287312474938,-1.3959692261862915,0.7738252805793582,-0.6376320311973912,0.29579375848032563,-1.429489208613155,0.1686443133112349,0.547798066595059,2.0,2022.0,1.0,0.0,1.0,0.0,0.0,0.0,1
0.27184466019417475,-0.8067304669165739,-0.4777126353881447,2.3603326211108406,0.6440220792996382,2.369081220280812,0.49796472184531887,1.1542278146468545,-1.911209999000426,-0.11768551814318402,1.0,2022.0,0.0,2.0,0.0,1.0,0.0,0.0,0
1.9514563106796117,-0.7656368793332267,-0.8253646860597507,-0.4236451882247885,1.8170689344894067,0.9311348271264124,-0.6078697421981004,0.2951718236143815,-0.7129111632795498,0.3123192596876808,1.0,2020.0,1.0,4.0,0.0,0.0,0.0,0.0,0
-1.4271844660194175,-0.1575225629859228,0.6145706681232949,-0.3356160300629379,0.503317914163957,-0.3526649330536569,0.9335142469470827,-0.6607615610537622,0.05555268412987092,-0.6766917293233082,1.0,2023.0,-1.0,0.0,1.0,0.0,0.0,0.0,0
-0.019417475728155338,0.19471980505102054,0.8583634808935635,0.5704779140387728,-0.005119062033020434,0.26363169470055237,0.29850746268656714,0.40537686977355736,0.051334312197361724,-0.6766917293233082,1.0,2022.0,-1.0,1.0,2.0,0.0,1.0,0.0,0
0.5048543689320388,0.6339680308153978,0.5193976961541692,-1.339309972143328,-0.4293413414997958,-0.8504261187399802,0.7109905020352781,-2.0037654650740238,-0.5391429718515669,0.07961079168509512,1.0,2023.0,0.0,2.0,3.0,0.0,0.0,0.0,0
0.0970873786407767,-0.7465773033379852,-0.8121741134668029,1.1362548555907084,0.053002818847900195,0.545929034133372,0.10312075983717775,0.0016491004560018037,-0.4075782261172038,0.8359133126934984,3.0,2022.0,1.0,1.0,0.0,0.0,0.0,0.0,1
-0.08737864077669903,1.0996627302043893,0.8417095476103179,-0.2862987676946965,0.02995394821751885,-0.3428062962671602,-0.14654002713704206,0.2482120299326301,-0.3769713076844001,-0.11768551814318402,0.0,2021.0,0.0,1.0,3.0,0.0,0.0,0.0,1
-1.0,-0.31872544845492584,0.5029994647663781,0.45434602251568823,-1.0548905683830174,1.0548905683830174,0.9687924016282226,0.7014883896453271,-0.33622046947874884,-0.6766917293233082,3.0,2023.0,-1.0,0.0,1.0,0.0,0.0,0.0,0
0.18446601941747573,0.8226687959432962,0.6499992038060779,0.23045796753498954,-0.12347018654271749,-0.6693383796789422,0.18588873812754408,-0.7714081587060967,-0.5506437988891122,-0.1821862348178137,1.0,2022.0,0.0,1.0,3.0,0.0,0.0,0.0,0
-0.5825242718446602,-0.701571580567116,-0.4049328358359279,0.7864686251839542,-0.3388299898446933,0.5816581492333902,0.7503392130257802,0.06420179101112397,-0.408074827107413,-0.4031354983202687,4.0,2023.0,0.0,1.0,0.0,0.0,1.0,0.0,0
-1.6990291262135921,-2.0501174102728386,-1.3382324746927736,0.2751792442579622,-1.3817381537116016,0.8132515990416855,0.921302578018996,-0.704177790599445,-1.6672612621275853,-0.2870813397129186,2.0,2023.0,0.0,0.0,0.0,1.0,0.0,0.0,0
0.9320388349514563,0.6102135905480959,1.1459336537248874,1.5292695107195595,-0.1500972864718172,-0.16104188027705385,0.37177747625508817,0.19316300912124706,-0.09826994399247761,-0.6766917293233082,2.0,2022.0,-1.0,3.0,3.0,0.0,0.0,0.0,1
0.7475728155339806,0.49183964313199374,1.0640050721061518,-0.6060502931352983,-0.42465662094559725,-0.5680471682778768,0.12075983717774763,-0.6813204149284076,-0.27938811652793055,-0.6766917293233082,3.0,2022.0,-1.0,2.0,3.0,0.0,0.0,0.0,1
0.04854368932038835,-0.3269307876205326,-0.14564492445638208,-0.818844409926338,-0.002079324222674199,-0.0428340789870885,-0.9592944369063772,-0.3110489159055633,0.014003779180248949,0.03759398496240601,2.0,2020.0,0.0,1.0,1.0,0.0,0.0,0.0,1
0.18446601941747573,-0.04682901278549739,0.04821395673974674,-0.5155024246714679,-0.0814706420439467,-0.4416566384487637,-0.8873812754409769,-0.757668150546464,0.020682344368716955,12.18045112781955,3.0,2020.0,0.0,1.0,1.0,1.0,0.0,1.0,1
0.0,0.20868632769370776,0.868029943956074,0.3162522055568772,0.0,0.34330653037282033,-0.5685210312075983,0.4939174761266805,0.07164337909677222,-0.6766917293233082,1.0,2020.0,-1.0,1.0,2.0,1.0,1.0,0.0,1
0.17475728155339806,-1.3572140911370856,-0.8586952498999622,0.2937153657290471,0.37795900184819897,2.162765399464694,-0.5983717774762551,0.6514683540007941,-2.9353356759772105,12.18045112781955,4.0,2020.0,0.0,1.0,0.0,0.0,0.0,0.0,1
0.7087378640776699,-0.5261394299994975,0.3594447917426937,-0.6894685966112023,0.13641178527888503,0.1924714230647282,-0.4626865671641791,-0.17921474888596936,-0.10126680482246822,-0.6766917293233082,2.0,2021.0,-1.0,2.0,1.0,0.0,0.0,0.0,1
-0.22330097087378642,0.5380152564120304,0.4529879937657551,0.006491915944850799,0.05290546053326122,-0.23692445369243068,-0.3622795115332429,0.02814283255063509,-0.12746897070361332,-0.11768551814318402,2.0,2021.0,0.0,1.0,3.0,0.0,1.0,0.0,0
1.0194174757281553,-1.1093342342538395,-1.0632251852997905,-0.45975313743752516,-0.21668508370782325,-0.21255774878005518,-0.2537313432835821,-1.1017325472125983,0.23579758747764248,-0.07868508480503582,3.0,2021.0,1.0,3.0,0.0,0.0,0.0,0.0,0
0.2524271844660194,0.13536680489316882,0.17431240794629865,-0.3195243951502457,-0.05515382486762074,-0.21849399851403603,-0.13432835820895522,-0.22865340164524142,-0.029576834467177834,-0.1821862348178137,2.0,2021.0,0.0,2.0,2.0,1.0,0.0,1.0,0
0.1553398058252427,-1.1915913482352871,-1.1201516209564466,0.43913779836843714,0.13789514407729214,0.8876999899975683,-0.7706919945725916,-0.039068674559649276,-1.0577756279096533,0.6090225563909776,3.0,2020.0,1.0,1.0,0.0,1.0,1.0,0.0,1
-0.9805825242718447,0.2743833416434502,-0.5794141413682953,2.6356746644687936,-1.0794794619280157,1.1008552928572832,-0.8833107191316146,1.1542278146468545,0.30205635392006036,0.9304511278195489,2.0,2020.0,3.0,0.0,2.0,0.0,0.0,0.0,0
0.22330097087378642,-0.12936124754057393,-0.008906823784200763,-0.9662119999780135,-0.1017144803326273,-0.4555039771417657,0.3677069199457259,-0.8459331784585494,0.05892456274275189,12.18045112781955,3.0,2022.0,0.0,2.0,1.0,0.0,1.0,0.0,0
-0.6407766990291263,-1.399499460259583,-0.8879601097942994,0.5188928925533386,-1.9882627679356157,3.102894925717703,0.09769335142469471,1.1117986559262822,-4.342499773784124,-0.16240601503759394,1.0,2022.0,0.0,1.0,0.0,1.0,0.0,0.0,0
-0.49514563106796117,0.8359374258599493,0.2830682418164754,0.3636875250970202,-0.08164747072677736,0.164895872252119,-0.08683853459972862,0.7566530447430995,0.1378426309853674,0.12687969924812034,3.0,2021.0,1.0,1.0,3.0,0.0,0.0,0.0,0
-0.6310679611650486,-0.6914230121420509,-0.7740033797285277,-0.2831989530644168,-0.4756682135338517,0.7537511691382572,0.2903663500678426,0.21235384924452266,-0.5211609037711663,4.466165413533835,3.0,2022.0,1.0,1.0,0.0,0.0,1.0,0.0,0
-0.8252427184466019,-0.752265437640013,-0.4400177570772521,0.46404503481423703,-1.896119119480615,2.2976502271353336,0.6729986431478969,1.1542278146468545,-1.728442853659637,-0.3195488721804511,1.0,2023.0,0.0,0.0,0.0,0.0,0.0,0.0,0
1.6504854368932038,0.06058911382358142,0.12255843224504333,0.1752066359984449,0.38912350674686585,0.23576306585251286,-0.11940298507462686,0.2818661108341074,0.014284675232334423,-0.20050125313283207,1.0,2021.0,0.0,4.0,2.0,1.0,1.0,0.0,1
1.0388349514563107,0.8229888236384981,0.2741064810964756,0.4686103358030041,-0.20216777512837744,-0.1946101012918026,0.3039348710990502,0.2948260922560214,-0.1601619383303096,0.7518796992481203,2.0,2022.0,1.0,3.0,3.0,0.0,0.0,0.0,1
1.4951456310679612,-0.917572991699609,-0.9305147409859664,-0.039663170516033686,0.9544182163280246,0.638344651180432,0.9226594301221167,-0.041284722650587934,-0.5857278113190724,0.1804511278195489,4.0,2023.0,1.0,4.0,0.0,0.0,0.0,0.0,0
-0.941747572815534,-0.05109969058599069,-0.33084727356893373,1.5671493550003164,-1.0440246083676463,1.108603450122346,0.6960651289009498,0.9289445326177865,-0.05664929328381365,-0.16240601503759394,1.0,2023.0,1.0,0.0,1.0,0.0,1.0,0.0,0
0.05825242718446602,0.24413623073931878,0.8925654125996881,0.5414204438028222,0.0407639391162205,0.6997809548284518,-0.12347354138398914,0.8323533921934401,0.17084188465497974,-0.6766917293233082,2.0,2021.0,-1.0,1.0,2.0,0.0,0.0,1.0,1
-1.0,0.4566671180209215,0.39668632679603366,-0.967594211079687,0.4761248569807226,-0.4761248569807226,0.310719131614654,-0.4763924359110743,-0.21743056625551002,-0.16240601503759394,0.0,2022.0,0.0,0.0,2.0,0.0,0.0,0.0,0
-0.5339805825242718,0.04118668419713881,-0.2669767623261887,-1.6334539791658156,0.3038530531866409,-0.569033899604073,-0.6160108548168249,-1.0034456234909943,-0.023436619520459348,0.8359133126934984,2.0,2020.0,1.0,1.0,2.0,0.0,0.0,0.0,0
-0.7087378640776699,-0.3958469850659135,-0.8362823640895822,-0.3235088758871656,-0.09175885224097657,0.129467969600282,0.14382632293080055,-0.1551701835924497,-0.05124950542887697,2.537593984962406,3.0,2022.0,2.0,0.0,1.0,0.0,0.0,0.0,0
0.970873786407767,-0.7662077092831037,-0.4496671138846218,0.33856649234491365,-0.0312868353129317,-0.03222544037231965,0.9769335142469471,-0.6088940482246398,0.024691380848314286,-0.27490601503759393,4.0,2023.0,0.0,3.0,0.0,0.0,0.0,0.0,0
-0.30097087378640774,0.4240428507170881,-0.0020040883524593957,1.0023596938322827,0.07064544047460951,-0.23472517318983163,0.05970149253731343,-0.04919144223197046,-0.09953353157447842,1.4661654135338344,3.0,2022.0,1.0,1.0,2.0,0.0,0.0,0.0,0
0.8349514563106796,-0.9628597716596096,0.05718336566647308,0.06810406039698419,1.818642628565954,2.1781417528173637,0.8710990502035278,0.9394847041703708,-2.0972450707599886,-0.6766917293233082,3.0,2023.0,-1.0,2.0,0.0,1.0,0.0,0.0,0
0.0,-2.4498394200709015,-1.6148585844575434,-0.37092523310519965,0.0,1.7690279910923081,-0.16010854816824965,-0.34843827659499343,-4.333834507786772,0.07961079168509512,3.0,2021.0,0.0,1.0,0.0,0.0,0.0,0.0,1
1.796116504854369,0.2503630526537101,-0.3890566927176588,-0.22987130930548,-0.2533418147848147,-0.1410497671504644,1.012211668928087,-0.03345934630561879,-0.03531365027988527,0.7008592910848549,0.0,2023.0,2.0,4.0,2.0,1.0,0.0,1.0,1
-1.145631067961165,0.6262080538295633,1.1570036882975905,-0.4648765246955621,0.30547350839930404,-0.26664213021295186,0.18046132971506107,0.04317827654522995,-0.16697344942962158,-0.6766917293233082,2.0,2022.0,-1.0,0.0,3.0,0.0,0.0,1.0,1
0.9805825242718447,0.22344704066497387,-0.1408356607826391,0.07128760091550436,0.48462755040340416,0.4942241355599072,-0.8833107191316146,0.6438534161507758,0.11043292051606614,0.05800214822771215,3.0,2020.0,1.0,3.0,2.0,0.0,0.0,1.0,0
0.8932038834951457,-0.9126749416900407,-0.5510359361018207,-1.723875588826183,-0.5174289964730083,-0.579295506920868,0.19538670284938942,-1.7083188030590097,0.5287084930003058,0.12687969924812034,4.0,2022.0,0.0,3.0,0.0,0.0,1.0,0.0,0
-0.7475728155339806,0.397198341191373,-0.28743407571523505,-0.3192000087384345,0.3368065537932047,-0.450533442087014,-0.4233378561736771,-0.4619713818568757,-0.17895113584820146,1.3533834586466165,4.0,2021.0,2.0,0.0,2.0,0.0,0.0,0.0,0
0.7864077669902912,1.3118724065104355,1.6315634128644076,-0.327304130157135,-0.36390730186115683,-0.46274632211974265,-0.9023066485753053,0.1596489025937944,-0.6070641312030799,-0.6766917293233082,1.0,2020.0,-1.0,2.0,3.0,0.0,0.0,0.0,0
0.2621359223300971,-0.08397857346170697,-0.3536023906064323,-0.027773923054008432,0.2926565445150933,1.1164305216686894,0.6594301221166893,0.9110929558621881,-0.09375624257884586,0.8359133126934984,1.0,2023.0,1.0,2.0,1.0,0.0,0.0,0.0,1
-0.17475728155339806,-0.6861247496561358,-0.3942421662344009,0.17937822136900788,-0.020455959456009906,0.11705354577605667,-0.4206241519674355,-0.37473269915181484,-0.08031333479195991,-0.20050125313283207,1.0,2021.0,0.0,1.0,0.0,0.0,1.0,0.0,1
-0.6310679611650486,-0.24777715218389162,0.5521039629151065,-1.1903852347603292,0.4041215713689681,-0.6403772592462109,0.6105834464043419,-1.4269272461328728,0.15867085361935182,-0.6766917293233082,4.0,2023.0,-1.0,1.0,1.0,0.0,0.0,0.0,1
-0.5533980582524272,1.0049223013886952,0.7761386840371222,0.6742399303561049,0.0902287421239893,-0.16304491997843681,-0.39620081411126185,0.4700358543013439,-0.16384747621446638,0.4921394395078606,4.0,2021.0,0.0,1.0,3.0,0.0,0.0,1.0,1
1.5922330097087378,-0.6201535541875146,-0.7246796454109055,-1.2697559891622017,-0.0238817770281132,-0.014998920938388168,-0.582089552238806,-0.48375281122104946,0.009301634128918955,0.10252904989747101,3.0,2020.0,1.0,4.0,0.0,0.0,1.0,0.0,1
0.009708737864077669,-0.7433712466235,-0.8099552945836029,0.9893626611452441,-0.0024532438403280623,-0.25268411555379044,0.9620081411126187,-0.9049772266158711,0.18783810598117773,-0.017351069982648914,2.0,2023.0,1.0,1.0,0.0,0.0,1.0,0.0,0
0.6116504854368932,-0.4888999838306111,-0.2577436266977381,-0.3281056894157872,-0.04949945438936523,-0.08092767939848602,-0.2496607869742198,-0.4753806693284574,0.0395655411493687,-0.20050125313283207,3.0,2021.0,0.0,2.0,1.0,0.0,0.0,0.0,0
-0.6116504854368932,-0.8673194681059501,0.12330840186265567,0.7110316686971072,-0.29411557157957474,0.4808556170269238,0.22523744911804613,-0.14114499749657292,-0.41705543799555,-0.6766917293233082,2.0,2022.0,-1.0,1.0,0.0,0.0,0.0,0.0,1
-0.6019417475728155,-0.0020538433810159194,0.7221731597301456,-0.672213118995204,0.18160372390767232,-0.3016965090724234,0.24151967435549526,-0.4604849954138022,0.0006196373782340061,-0.6766917293233082,1.0,2022.0,-1.0,1.0,1.0,0.0,0.0,0.0,1
0.8446601941747572,1.2058045351638587,0.9151714712460508,-0.3714582884515763,-0.7241094146079531,-0.8572789621220595,0.14382632293080055,-1.676921758928578,-1.033710860427345,0.9304511278195489,3.0,2022.0,0.0,2.0,3.0,0.0,0.0,0.0,1
-1.0388349514563107,0.15910655862574238,-0.4522137549628099,1.0423256947051949,-0.612315785744767,0.5894254759972991,0.8453188602442334,0.6808144390610593,0.09378145905227038,37.89473684210526,0.0,2023.0,2.0,0.0,2.0,0.0,0.0,0.0,1
-0.32038834951456313,-0.3036311899828382,-0.12951927072972327,0.6495344389848589,-0.4600265363604565,1.4358404013674853,0.36906377204884666,0.9679354751328344,-0.4359659296926456,-0.3552631578947368,1.0,2022.0,0.0,1.0,1.0,1.0,0.0,0.0,0
0.02912621359223301,-0.3353612453088668,0.49148555254082865,-0.46645185252918064,0.023049909679333208,0.7913802323237734,-0.16689280868385345,0.494210429078511,-0.26539826022492097,-0.6766917293233082,4.0,2021.0,-1.0,1.0,1.0,1.0,1.0,0.0,1
0.08737864077669903,-1.3577322296188674,-0.21611444273714453,0.060868019172950934,0.009081542935898385,0.10393321359972596,0.7421981004070556,-0.8654765789274045,-0.14111347383220993,-0.6766917293233082,3.0,2023.0,-1.0,1.0,0.0,1.0,0.0,0.0,1
-0.13592233009708737,0.6094611934826357,0.12632373105366188,0.7702531606763985,0.05062664828254273,-0.37246748379299294,-0.6078697421981004,-0.15403862539626667,-0.22700447720595177,0.3123192596876808,2.0,2020.0,1.0,1.0,3.0,0.0,0.0,0.0,0
0.3106796116504854,-0.1632933616321718,0.6105766022142434,-0.45500643979064287,0.03589593980339788,0.11554005624218693,0.1112618724559023,-0.005871697113590313,-0.0188669241869569,-0.6766917293233082,3.0,2022.0,-1.0,2.0,1.0,0.0,0.0,0.0,0
0.5436893203883495,-0.24583374706465236,-0.08951762654598802,0.2897917319750118,0.35979780142023754,0.6617709561836512,0.9158751696065129,0.45413980592081465,-0.16268563385718485,-0.42943898207056097,2.0,2023.0,0.0,2.0,1.0,0.0,0.0,0.0,1
0.5728155339805825,1.3118724065104355,0.13861849926199438,-0.44770269605939567,-0.16046722141605485,-0.28013769162463814,0.2727272727272727,0.5069918720064859,-0.3675049076658923,1.4661654135338344,3.0,2022.0,3.0,2.0,3.0,0.0,0.0,0.0,1
0.0,0.1395443906058377,-0.1989041634564678,0.5008602160300718,-0.0,-0.4093163908415506,0.6512890094979648,-0.5588417290687263,-0.05711780632496506,0.3947368421052631,3.0,2023.0,1.0,1.0,2.0,0.0,0.0,0.0,1
-0.21359223300970873,-0.7052541403014244,0.235476515931935,-0.21653830661212897,-0.12418864876819673,0.5814286737783756,0.3283582089552239,0.06139651407934821,-0.4100549794721656,-0.6766917293233082,3.0,2022.0,-1.0,1.0,0.0,0.0,1.0,0.0,0
0.9320388349514563,-0.4435570105115066,-0.6024611180289995,0.8198649185485752,0.6541350279942202,0.7018323737854654,0.6960651289009498,0.346595282871984,-0.3113026695964753,0.24167561761546721,3.0,2023.0,1.0,3.0,1.0,0.0,0.0,0.0,1
0.0,0.6322199596265783,0.14207507724639623,1.540847963138934,0.0,0.6973465456036584,0.903663500678426,1.1054492972017942,0.44087640490727875,0.35187969924812035,1.0,2023.0,1.0,1.0,3.0,0.0,0.0,1.0,1
-1.058252427184466,-0.009613006784249195,-0.7759592440741904,0.029976672578126667,-0.5906052558820294,0.558094874824303,-0.4260515603799186,0.5344767044533303,-0.00536496981794073,3.279352226720648,2.0,2021.0,3.0,0.0,1.0,0.0,1.0,0.0,0
0.2815533980582524,-1.2572862795312851,-0.789537017746529,0.23044427374210072,0.5472504698462749,1.9436827032471145,-0.6309362279511533,0.5987313045218997,-2.4437655945548755,-0.2175080558539205,2.0,2020.0,0.0,2.0,0.0,0.0,1.0,0.0,0
-1.5339805825242718,0.6385068483561532,0.5225390504325936,-0.40058907031659596,0.39871326402555446,-0.25992067211792474,-0.008141112618724558,0.06278797102461472,-0.1659611291766292,-0.3909774436090225,2.0,2021.0,0.0,0.0,3.0,0.0,0.0,0.0,1
0.038834951456310676,-0.6379896170238022,0.28203141340464,1.0742155845438668,0.077745751348367,2.0019530972204507,0.4233378561736771,1.070974754919339,-1.27722528979529,-0.6766917293233082,3.0,2022.0,-1.0,1.0,0.0,0.0,0.0,0.0,1
1.4757281553398058,1.3118724065104355,0.9885822693559075,0.28919576211488973,-0.5753128840520509,-0.38985017800895555,-0.5169606512890095,0.3104839058619677,-0.5114336912031302,-0.3705692803437164,2.0,2020.0,0.0,4.0,3.0,0.0,0.0,0.0,1
-0.7281553398058253,0.7678317276049748,1.2550237929686596,-0.26511198444301104,0.45489472551640897,-0.6247220897092016,-0.9592944369063772,-0.6552865787565796,-0.47968144141440633,-0.6766917293233082,1.0,2020.0,-1.0,0.0,3.0,0.0,0.0,0.0,0
-0.6407766990291263,-0.4604157017533342,-1.0879390290598816,-0.41368888594137576,-1.1378746822065344,1.7757741252617125,-0.2876526458616011,1.0655872328874365,-0.8175942900377845,3.998632946001367,2.0,2021.0,3.0,1.0,1.0,0.0,1.0,0.0,0
0.6019417475728155,0.3606039332999418,0.3302003235004311,0.7809879476883773,0.1625720115157462,0.2700793094535784,0.9525101763907734,0.52945837399722,0.09739166129189251,-0.06444683136412459,4.0,2023.0,0.0,2.0,2.0,0.0,1.0,0.0,1
-1.1941747572815533,-0.0461337353856596,0.6916647319157645,0.20407311178405252,0.24547387919878302,-0.2055594272965419,0.4097693351424695,-0.33760344979654294,0.009483224224926395,-0.6766917293233082,1.0,2022.0,-1.0,0.0,1.0,0.0,1.0,0.0,0
-0.4854368932038835,0.5850661195824778,0.10943990310102497,0.02952663440054579,0.2267859168152529,-0.467178988639421,-0.1723202170963365,-0.3653024430240041,-0.2733305980337325,0.03759398496240601,3.0,2021.0,1.0,1.0,3.0,0.0,1.0,0.0,1
0.46601941747572817,0.28910182289434405,-0.09539631242846162,0.13703359155696174,0.017411050931733806,0.03736121345767879,-0.5848032564450475,0.22446687667671117,0.010801194916159636,12.18045112781955,2.0,2020.0,1.0,2.0,2.0,0.0,0.0,0.0,0
-0.4854368932038835,-0.7812988080288504,0.18284473417107294,0.7374762208015659,-0.49672406763140164,1.0232515793206873,-0.2618724559023066,0.35108232824008323,-0.7994652392368917,-0.6766917293233082,1.0,2021.0,-1.0,1.0,0.0,0.0,0.0,0.0,0
-0.17475728155339806,0.6930403806524945,-0.08268462501986491,-0.6953963005568338,0.04017331292673154,-0.22988062396963047,-0.6309362279511533,0.1490163004565573,-0.15931655514054566,1.1600429645542427,2.0,2020.0,2.0,1.0,3.0,0.0,0.0,0.0,0
0.5825242718446602,1.3118724065104355,0.9885822693559075,0.6606634492751112,-0.2488375559704166,-0.42717113774921517,-0.7557666214382632,0.23566332093324033,-0.5603940284708636,0.07961079168509512,3.0,2020.0,0.0,2.0,3.0,1.0,0.0,0.0,0
0.3300970873786408,-0.2132078910311855,0.5760299246294119,0.02516013539165525,0.5386437805040833,1.631773805644723,0.8290366350067843,1.1542278146468545,-0.347907051741443,-0.6766917293233082,3.0,2023.0,-1.0,2.0,1.0,1.0,1.0,0.0,0
0.21359223300970873,-0.42529541165273926,-0.5898226225627323,1.6766765573384348,0.28411927787112384,1.3301948009420799,1.0094979647218454,0.8134104719769332,-0.5657257454449954,0.44132069303694016,4.0,2023.0,1.0,2.0,1.0,0.0,0.0,0.0,0
-0.2621359223300971,-0.8687623460692592,0.12230976197978255,-0.1735161636984633,-0.21688163724933296,0.827363282840048,-0.6417910447761194,0.14395747741399428,-0.7187820666516841,-0.6766917293233082,1.0,2020.0,-1.0,1.0,0.0,0.0,0.0,0.0,0
0.2912621359223301,0.23994047221109432,-0.12942064538347325,-0.29952474577954835,0.16359777191367766,0.5616856835702934,-0.858887381275441,0.7144384178879165,0.1347711281500675,0.44132069303694016,1.0,2020.0,1.0,2.0,2.0,0.0,0.0,0.0,0
-0.08737864077669903,1.3118724065104355,0.9885822693559075,0.2822380436487103,0.06562947246588662,-0.7510928515540357,-0.31343283582089554,-0.7855635159924953,-0.985337986680978,1.1600429645542427,4.0,2021.0,0.0,1.0,3.0,0.0,0.0,1.0,1
0.3592233009708738,-0.9591558284288128,-0.5832049085971297,-0.8078184140842838,0.406581501875884,1.131834991708542,-0.051560379918588875,0.30148914710816177,-1.085606129116925,1.1600429645542427,2.0,2021.0,0.0,2.0,0.0,0.0,0.0,1.0,0
-0.3786407766990291,-0.08122372753314612,0.6673783636023845,0.8506348076114142,-0.5607670721138543,1.481000216095564,-0.5603799185888738,1.1542278146468545,-0.12029235802867662,-0.6766917293233082,3.0,2020.0,-1.0,1.0,1.0,0.0,0.0,0.0,0
-0.13592233009708737,1.0349531231637308,0.7969233324725983,-1.011388408069937,0.07046796731087714,-0.5184429023585961,-0.36906377204884666,-0.1666189529568981,-0.5365641009780981,-0.11768551814318402,3.0,2021.0,0.0,1.0,3.0,0.0,0.0,0.0,1
-0.7669902912621359,0.39875034554631855,-0.019508965277734654,-0.7313566340225035,0.4060850844297232,-0.5294527050159682,-0.5685210312075983,-0.6450631807936723,-0.21111944907555039,0.6766917293233082,2.0,2020.0,1.0,0.0,2.0,0.0,0.0,0.0,0
-0.019417475728155338,0.2630784686180594,0.26270233653422936,0.06395959195344367,0.008188931804404392,-0.4217299879268262,0.5671641791044776,-0.496463509103193,-0.11094807939410212,-0.11768551814318402,3.0,2023.0,0.0,1.0,2.0,0.0,0.0,1.0,0
-0.6213592233009708,-0.9550234585584294,-1.4302211215201601,0.19217610152478992,0.06109335486696472,-0.09832211798902135,0.4450474898236092,-0.8289618136042498,0.09389992917466514,1.8947368421052633,1.0,2022.0,3.0,1.0,0.0,0.0,0.0,0.0,0
-0.8640776699029126,0.2437265069183118,0.8922818359154325,-0.003075548726450537,0.3998053560375746,-0.4626960862007886,0.29172320217096337,-0.5972848562706256,-0.1127713008544923,-0.6766917293233082,1.0,2022.0,-1.0,0.0,2.0,0.0,0.0,0.0,0
0.20388349514563106,0.15974873947935606,-0.45176931329304726,0.9471190077670569,-0.05374338154862067,-0.2635984904527585,-0.1994572591587517,-0.2824809002109822,-0.042109526578489244,37.89473684210526,1.0,2021.0,2.0,1.0,2.0,0.0,0.0,1.0,0
0.17475728155339806,0.6919846953446815,-0.08341525767325479,0.16143920474779816,-0.1256873329223398,-0.7192108495000555,0.8344640434192673,-1.0690392121164582,-0.49768290057988557,1.076555023923445,3.0,2023.0,2.0,1.0,3.0,0.0,0.0,0.0,1
0.6116504854368932,0.8541491530569825,0.6717870629965641,1.0423953606244472,-0.23053845804401887,-0.3769120821989515,0.9538670284938942,0.010953097679281458,-0.3219391357871782,-0.03383458646616534,1.0,2023.0,0.0,2.0,3.0,0.0,0.0,0.0,0
-0.3300970873786408,-0.09606015622202534,-0.3619639169367882,0.6029203422694364,-0.270170141808226,0.8184566060660964,-0.6227951153324288,0.6847745563514681,-0.07862106943965787,0.15280135823429541,3.0,2020.0,1.0,1.0,1.0,0.0,0.0,0.0,0
0.32038834951456313,0.365416913539009,0.3335314192510882,-0.9752359412909082,-0.17239506186465908,-0.5380815567290874,-0.5251017639077341,-0.6907511160115006,-0.19662410169220831,-0.3909774436090225,4.0,2020.0,0.0,2.0,2.0,0.0,0.0,0.0,0
0.4368932038834951,0.16129151995891888,0.835227207724303,1.6411499702321217,0.5319293317022367,1.2175271370073417,0.07462686567164178,1.1542278146468545,0.19637680251914502,-0.6766917293233082,3.0,2022.0,-1.0,2.0,2.0,0.0,0.0,1.0,1
-2.2427184466019416,0.05561539171891357,0.7620869983568698,1.2065327815571885,-0.7742142932179663,0.34521243377251315,-0.7856173677069199,0.3872617632811676,0.019199124730497827,-0.6766917293233082,3.0,2020.0,-1.0,0.0,2.0,0.0,0.0,0.0,1
-0.6407766990291263,-0.38470026436602967,-0.18562715531568086,0.2627249548007234,-0.794471189144035,1.2398565527550849,-0.10176390773405698,0.7822804167182091,-0.47697314362083537,0.7518796992481203,2.0,2021.0,0.0,1.0,1.0,0.0,0.0,0.0,0
0.11650485436893204,0.17149435855403145,0.1993164678967807,0.3546625996392913,-0.04560327138904818,-0.39142807942266356,0.18588873812754408,-0.5008299181672095,-0.06712770740062617,-0.43410412824514116,2.0,2022.0,0.0,1.0,2.0,0.0,0.0,0.0,1
0.2912621359223301,-0.3382482887057839,0.4894873816954339,1.9035880477118656,0.5182245775203245,1.779237716153114,0.06784260515603799,1.1542278146468545,-0.6018241126895781,-0.6766917293233082,2.0,2022.0,-1.0,2.0,1.0,0.0,0.0,0.0,1
0.009708737864077669,0.034768977457013434,-0.27141840070860807,0.25220590161002315,-0.004854040755063572,-0.49996619777154794,-0.310719131614654,-0.8307100690723618,-0.01738331345958767,0.44132069303694016,3.0,2021.0,1.0,1.0,2.0,0.0,1.0,0.0,0
-1.6116504854368932,0.9588605881682589,0.7442588947046913,-0.3758563724655216,-0.02863789689841569,0.01776929747311335,0.10719131614654002,0.6756323883724485,0.017038279026406224,-0.0922761449077238,4.0,2022.0,0.0,0.0,3.0,0.0,0.0,0.0,0
0.1262135922330097,-0.910111325791381,0.09369144406471666,0.07399785723014156,0.10690459033743648,0.8470132926735352,0.932157394843962,0.12967317346382867,-0.7708763907580342,-0.6766917293233082,4.0,2023.0,-1.0,1.0,0.0,0.0,0.0,1.0,0
0.0,0.8159453269378251,1.288324016843566,0.5515863864241135,-0.0,-0.10326678251404234,-0.5590230664857531,0.41952879224419143,-0.08426004862023755,-0.6766917293233082,4.0,2020.0,-1.0,1.0,3.0,0.0,0.0,1.0,1
-0.27184466019417475,0.9584726094465409,1.386969524176909,-0.8622823870749257,0.19635275007055145,-0.7222976163309571,0.3310719131614654,-0.8942837161029352,-0.6923024811217489,-0.6766917293233082,4.0,2022.0,-1.0,1.0,3.0,0.0,0.0,0.0,1
-0.5631067961165048,-0.19564559821770752,-0.9047049719379148,-0.5314034674721025,0.19653428338430404,-0.34901777911350546,-0.8805970149253731,-0.6811101373196075,0.06828379218327749,2.537593984962406,2.0,2020.0,3.0,1.0,1.0,0.0,1.0,0.0,0
0.2912621359223301,-1.8069672305840048,-1.546013761684737,-0.013397862013732168,0.6941757567595419,2.3833367648744272,-0.835820895522388,0.4529495384315611,-4.306611433574185,0.4921394395078606,3.0,2020.0,1.0,2.0,0.0,1.0,1.0,0.0,1
0.24271844660194175,0.26671453574803394,-0.3777400885029729,-0.7930288225360481,-0.12686190722297394,-0.5226710577586526,0.12618724559023067,-0.7215969596570843,-0.13940396851903286,1.7340225563909775,4.0,2022.0,2.0,2.0,2.0,0.0,0.0,0.0,1
0.9320388349514563,0.9422923564224663,0.7327918521789473,0.00036660237552296987,-0.19886660988722984,-0.21336730019150701,-0.7584803256445047,0.3510986602255887,-0.2010543760809549,0.24167561761546721,2.0,2020.0,0.0,3.0,3.0,0.0,0.0,0.0,1
-0.970873786407767,-0.11908948043386795,-0.37790224238346637,-0.1876824148727887,0.5245505096936368,-0.5402870249844459,-0.9226594301221167,-1.0398369805051786,0.0643425010905579,0.3947368421052631,4.0,2020.0,1.0,0.0,1.0,1.0,0.0,0.0,1
0.5728155339805825,-0.9042889739400813,-1.1881508992714327,2.0203873745277727,0.9152956282878913,1.5978889781975054,-0.6268656716417911,0.6436583440400199,-1.4449533845643872,1.3533834586466165,2.0,2020.0,2.0,2.0,0.0,0.0,0.0,0.0,0
0.46601941747572817,-0.5066164240083945,-0.9129416432540504,-0.6348159715088566,-0.17172363641080352,-0.3684903031315159,0.1519674355495251,-0.9375439756235509,0.18668323965425784,0.2640748211993398,3.0,2022.0,2.0,2.0,1.0,1.0,0.0,0.0,1
0.0,0.575292488491551,1.1217641770578735,-0.452234902678327,0.0,0.030246739852836706,0.4260515603799186,0.4188058768427916,0.017400722238694998,-0.6766917293233082,3.0,2022.0,-1.0,1.0,3.0,0.0,0.0,1.0,1
0.27184466019417475,0.33896041838863733,0.9581948130449479,0.19061100208137088,0.06287038206277219,0.23127319115948342,-0.5658073270013568,0.47453441103175126,0.07839245763749379,-0.6766917293233082,4.0,2020.0,-1.0,2.0,2.0,0.0,1.0,0.0,1
0.8058252427184466,-0.2928383440785745,-0.7649936007874117,-0.9433497412174525,-0.1751633361737368,-0.21737136898668544,0.3568521031207598,-0.5304193589254231,0.06365467174415378,0.36577931314773426,1.0,2022.0,2.0,2.0,1.0,0.0,1.0,0.0,1
0.6796116504854369,-0.3956834314618896,0.44973556228084155,-0.9175608666443269,0.5290662079157089,0.7784831345045431,-0.6051560379918589,0.4413968834263465,-0.30803287799596535,-0.6766917293233082,3.0,2020.0,-1.0,2.0,1.0,0.0,0.0,0.0,1
-0.883495145631068,-0.4157338767194549,-0.5832052676326471,0.9360985391894779,-0.4428082651482616,0.5012005638491313,0.24830393487109906,0.1970072039139417,-0.208366053422976,0.44132069303694016,3.0,2022.0,1.0,0.0,1.0,0.0,0.0,0.0,0
0.6407766990291263,-0.8424569010944539,-0.8785294369508545,-0.6081968049274821,0.11910971497369818,0.1858833430650138,-0.15061058344640435,-0.4104036616190383,-0.15659870516362878,0.7518796992481203,1.0,2021.0,1.0,2.0,0.0,0.0,0.0,0.0,1
-0.04854368932038835,1.1983235160630956,0.5338772362054509,-0.8123542492645945,0.03550795364106213,-0.7314638450058798,0.3283582089552239,-0.7673494277105284,-0.876530326620477,3.6090225563909772,3.0,2022.0,1.0,1.0,3.0,0.0,0.0,0.0,1
0.05825242718446602,-0.3598952892089181,-0.8114014687842803,-2.0552243962213796,-0.03706080053915328,-0.6362104092554647,1.0040705563093624,-1.4923285204199739,0.2289691292367196,2.290341237709659,3.0,2023.0,2.0,1.0,1.0,0.0,0.0,0.0,1
0.05825242718446602,0.8780911282903171,0.6883575387174241,-0.9593127744668167,-0.013963611659116165,-0.2397086668148275,0.8914518317503393,0.2648008429469507,-0.21048605370439957,0.7518796992481203,3.0,2023.0,0.0,1.0,3.0,0.0,0.0,1.0,1
-0.11650485436893204,1.1226840412328458,0.214670301034034,-1.1135086315477474,0.09275286249273929,-0.7961287363960122,-0.9579375848032564,-1.1900392414201453,-0.893801027118674,0.19993164730006832,2.0,2020.0,2.0,1.0,3.0,0.0,1.0,0.0,0
0.9320388349514563,0.702101796986461,1.2095310126481464,0.5926867319490867,-0.2629365070475844,-0.2821089606864708,0.7869742198100407,0.07154086521826558,-0.19806920824395402,-0.6766917293233082,2.0,2023.0,-1.0,3.0,3.0,0.0,0.0,0.0,1
-0.05825242718446602,-0.4477889491130925,0.41367246521551254,-0.6589057347978456,-0.007063229066424083,0.12125209897361343,-0.8344640434192673,-0.20112203469386827,-0.05429534997715104,-0.6766917293233082,3.0,2020.0,-1.0,1.0,1.0,0.0,0.0,0.0,0
-0.8640776699029126,0.1612533828882128,-0.45072797695882977,1.3780746498297634,-0.34670013751220846,0.4012372377950278,0.921302578018996,0.5152011904871363,0.06470086193517051,0.5675479020130972,2.0,2023.0,2.0,0.0,2.0,0.0,1.0,0.0,0
-0.30097087378640774,-0.12015706205212966,0.6404319539873058,-0.646390693856697,0.02806632157254637,-0.09325261683781537,-0.4084124830393487,-0.23045369372901112,0.011204960467904852,-0.6766917293233082,1.0,2021.0,-1.0,1.0,1.0,0.0,0.0,0.0,1
0.14563106796116504,0.06938459840669907,0.12864582395759094,-0.9501576540449577,-0.029505845746630902,-0.20260680746019888,-0.21031207598371776,-0.2512778266753161,-0.0140577919700893,0.12687969924812034,4.0,2021.0,0.0,1.0,2.0,1.0,0.0,1.0,1
0.9611650485436893,0.16013590784820025,0.19145522632829823,0.5888376769582733,0.42829162136366716,0.44559633333795673,-0.7856173677069199,0.5552722507626251,0.07135597337290296,-0.2175080558539205,3.0,2020.0,0.0,3.0,2.0,0.0,0.0,0.0,1
0.47572815533980584,-1.0488231569882451,-0.6452626767598538,-0.064372445369559,0.54931999210992,1.1546930446392196,-0.7449118046132972,0.2537117683447889,-1.211068804430875,0.9304511278195489,3.0,2020.0,0.0,2.0,0.0,0.0,1.0,0.0,1
-0.6601941747572816,0.8543850029433748,0.02898111570887136,0.28425358933266826,0.16187211661991507,-0.24518864723310665,0.4735413839891452,0.23934705038618123,-0.20948550308793992,0.5675479020130972,2.0,2022.0,2.0,1.0,3.0,0.0,1.0,0.0,1
1.9320388349514563,-0.47432363558625,-0.24765536661042148,0.340112475019786,1.430605979536803,0.7404644014687974,0.903663500678426,0.35570499874785416,-0.3512197669268766,-0.03383458646616534,2.0,2023.0,0.0,4.0,1.0,0.0,0.0,0.0,0
-2.2427184466019416,0.06106390594483287,-0.2532199070658398,-0.4148121028493875,1.4091050921010906,-0.6283022705039495,0.24287652645861602,-1.1678279718770372,-0.03836659075097811,0.7518796992481203,2.0,2022.0,1.0,0.0,2.0,0.0,0.0,0.0,1
1.0,0.12710800663930055,0.8115682285134727,-0.07841338624829829,0.4926896374061009,0.4926896374061009,0.451831750339213,0.5742088674189434,0.06262479770252925,-0.6766917293233082,2.0,2022.0,-1.0,3.0,2.0,1.0,0.0,0.0,1
-0.11650485436893204,-0.3088997359688803,-0.509267246222871,-0.5582112012231654,-0.08503481877694691,0.7298821945021277,0.5427408412483039,0.46453170121103315,-0.22546041717009419,0.24167561761546721,3.0,2023.0,1.0,1.0,1.0,0.0,0.0,0.0,0
0.4174757281553398,0.3710948178178759,0.3374611349246825,-1.3895534377532037,-0.23814107946440682,-0.570430957786835,-0.44640434192673,-0.7735264638121664,-0.21168397235758196,0.03759398496240601,3.0,2021.0,0.0,2.0,2.0,1.0,0.0,0.0,1
0.6601941747572816,-0.48259553952787726,0.3895822439640103,0.6196851801084088,0.10366571479573586,0.15702306799942342,-0.8765264586160109,-0.1864036699084086,-0.0757786322195043,-0.6766917293233082,2.0,2020.0,-1.0,2.0,1.0,0.0,1.0,0.0,0
0.9514563106796117,0.599962064776427,0.495861881439453,-0.7096958179350655,-0.28536291787436735,-0.2999222504189779,-0.9633649932157394,-0.03078728953223625,-0.17994197263376258,0.6090225563909776,1.0,2020.0,0.0,3.0,3.0,0.0,0.0,0.0,1
0.8252427184466019,-1.1830655515969761,-1.1142513165502872,-0.48343055276083224,0.6567767216702314,0.795858850965104,-0.2727272727272727,-0.10312608518497753,-0.9415531905103663,0.1804511278195489,2.0,2021.0,1.0,2.0,0.0,0.0,0.0,1.0,1
0.6796116504854369,0.000928931503925257,0.08126738953976502,0.6720686141503375,0.1689876227578543,0.2486532163436999,-0.48846675712347354,0.252801183273055,0.00023098180621400547,-0.24812030075187966,1.0,2020.0,0.0,2.0,2.0,0.0,1.0,0.0,0
-0.24271844660194175,1.3118724065104355,0.9885822693559075,2.1242884417590915,-0.03842857940303782,0.15832574714051584,-0.8439620081411127,1.0868638113122007,0.2077031789137912,0.0,1.0,2020.0,0.0,1.0,3.0,0.0,0.0,0.0,1
-0.4368932038834951,-0.9051163442874198,-0.5458046999087238,1.011645263774882,-0.8286129156912055,1.8966028959154262,-0.6105834464043419,0.821179957075824,-1.7166462797159043,-0.1821862348178137,4.0,2020.0,0.0,1.0,0.0,0.0,0.0,0.0,1
0.2621359223300971,-0.6457102509365188,-0.7423667877065931,-0.6749661271213508,-0.09120618613620192,-0.34793471007514065,-0.7204884667571235,-0.9981045873593232,0.22466500895214397,2.996777658431794,3.0,2020.0,1.0,2.0,0.0,0.0,0.0,0.0,0
0.7281553398058253,0.31256322533878905,-0.0791587758030288,0.08063707464810363,0.17974166708688422,0.246845222799321,0.8453188602442334,0.47182830293277617,0.07715473899762776,0.07961079168509512,3.0,2023.0,1.0,2.0,2.0,1.0,0.0,0.0,0
-0.1650485436893204,0.043711851492332324,0.7538483598025834,0.2842119428539868,-0.1860287316161944,1.1271152562628248,-0.689280868385346,1.0090179126098517,0.049268294696502686,-0.6766917293233082,2.0,2020.0,-1.0,1.0,2.0,1.0,0.0,0.0,0
0.8349514563106796,0.1812617178510613,0.2060765078870979,0.6988474821614806,0.13798746517705637,0.16526405713066056,0.09769335142469471,0.2930395770085487,0.029956046894539467,0.12687969924812034,4.0,2022.0,0.0,2.0,2.0,0.0,0.0,0.0,1
1.1359223300970873,0.29268380351886547,0.2831923670392167,0.16393490698927904,0.7411647718771157,0.6524783889174609,0.20759837177747625,0.8281819667461483,0.190969856582224,-0.309344790547798,3.0,2022.0,0.0,3.0,2.0,0.0,1.0,0.0,1
-0.7087378640776699,0.40971679672915345,0.3641916721280345,2.6356746644687936,-0.6850238618364243,0.9665405173856397,0.10990502035278155,1.1542278146468545,0.39600788469218295,0.24167561761546721,3.0,2022.0,0.0,0.0,2.0,0.0,1.0,0.0,1
-0.6407766990291263,0.7916766839171535,0.25243527646085945,0.7364332402818833,-0.13688007003470373,0.21361586687234066,-0.7706919945725916,0.7770585834161415,0.16911470111758278,3.6090225563909772,2.0,2020.0,1.0,1.0,3.0,0.0,0.0,0.0,0
-0.10679611650485436,0.22885883856663733,0.23901873335732407,-0.09514162661698375,-0.004598900983848176,0.04306243648512383,-0.33514246947082765,0.1885462390284707,0.009855219199835029,2.537593984962406,4.0,2021.0,0.0,1.0,2.0,1.0,0.0,0.0,0
0.24271844660194175,-0.2947086477035162,-0.49944582311655533,1.4008648565073303,0.2820683762766976,1.1621217102599941,-0.8656716417910447,0.7933057723134151,-0.3424873176976203,0.1804511278195489,3.0,2020.0,1.0,2.0,1.0,0.0,1.0,0.0,1
-0.39805825242718446,0.44015605676405745,0.38525890090659914,-0.5054175155366604,0.05383731442034861,-0.13524983866575382,-0.18317503392130258,0.10919151185192545,-0.05953103566509315,1.1600429645542427,4.0,2021.0,0.0,1.0,2.0,0.0,0.0,0.0,0
1.058252427184466,1.3118724065104355,0.9885822693559075,0.6006786710337763,-0.5539235753459198,-0.5234323693635756,-0.592944369063772,0.017249059381049536,-0.6866764820424531,-0.384483937115516,1.0,2020.0,0.0,3.0,3.0,0.0,0.0,1.0,0
0.3300970873786408,-0.2073582259922692,-0.7058354344999699,-0.44709901841963035,-0.024746387769288197,-0.07496699824225542,0.1451831750339213,-0.26797073283623074,0.015545023763479646,37.89473684210526,1.0,2022.0,2.0,2.0,1.0,0.0,1.0,0.0,1
0.038834951456310676,-0.8843678925692916,-0.5314448804518186,0.9384919104847514,0.09600460721443668,2.4721186357717446,0.4056987788331072,1.1542278146468545,-2.18626234809873,-0.377688407064172,1.0,2022.0,0.0,1.0,0.0,0.0,0.0,0.0,0
-1.1067961165048543,0.7895704623214392,1.2700695335254506,-0.5811814460329633,0.6855761389433689,-0.619424055361114,0.08683853459972862,-0.6228691379515995,-0.48907893776449557,-0.6766917293233082,1.0,2022.0,-1.0,0.0,3.0,0.0,0.0,0.0,1
-1.0194174757281553,-0.19750518351170918,-0.6990164298188225,1.8035154645565505,-1.6449013890909499,1.613569934060646,-0.10719131614654002,1.1542278146468545,-0.31868842593562435,1.1600429645542427,4.0,2021.0,2.0,0.0,1.0,0.0,0.0,0.0,0
0.22330097087378642,-1.8478271623004014,-1.1982353741878582,2.1194794322145643,0.5135727109723571,2.299912575224034,-0.1994572591587517,0.3789568305348766,-4.249840927415236,0.12687969924812034,0.0,2021.0,0.0,2.0,0.0,0.0,0.0,0.0,1
-1.6504854368932038,0.5807622134170115,0.48257350623058637,-1.4804164478918411,1.1554090249317375,-0.7000419386351115,0.7001356852103121,-1.0642817107296054,-0.4065579057664631,-0.20050125313283207,1.0,2023.0,0.0,0.0,3.0,0.0,0.0,0.0,1
0.7961165048543689,-0.5311857527598495,-0.6631071285266436,0.6504403379971101,0.5528205179083274,0.6943965042019236,-0.5318860244233379,0.27847944114577156,-0.36885352979830677,0.4921394395078606,1.0,2020.0,1.0,2.0,0.0,0.0,0.0,1.0,0
-0.11650485436893204,-0.1735029666995293,-0.039457395927934416,-1.6233421240912838,0.08150045450582898,-0.6995455678416986,0.4871099050203528,-1.5967303566938889,0.12137323136204156,-0.3195488721804511,1.0,2022.0,0.0,1.0,1.0,0.0,0.0,1.0,1
1.9514563106796117,0.16626454112508554,-0.18041132642957158,-1.164053584423452,0.6914652856000606,0.3543329572975435,0.5332428765264586,0.47444107753128645,0.0589130065505706,0.3947368421052631,1.0,2023.0,1.0,4.0,2.0,0.0,0.0,0.0,1
1.796116504854369,0.05249156343723277,-0.2591527529497856,1.0837867802545291,1.2022930744121247,0.6693847927808045,-0.13568521031207598,0.6718205247933936,0.035137054314172515,0.3947368421052631,3.0,2021.0,1.0,4.0,2.0,0.0,1.0,0.0,1
-0.13592233009708737,0.46981198468103785,1.0487593626180245,-0.3119600881350956,0.06374889855468535,-0.469009753652328,-0.37720488466757124,-0.45107058328042837,-0.22034640319816487,-0.6766917293233082,3.0,2021.0,-1.0,1.0,3.0,0.0,1.0,0.0,0
-0.07766990291262135,-0.45089802130461265,-0.2314425418526344,-0.21900888221923664,-0.03213722848934594,0.41376681680032906,-0.035278154681139755,0.0929738059244873,-0.18656663897677653,-0.0922761449077238,0.0,2021.0,0.0,1.0,1.0,0.0,0.0,0.0,0
0.0,0.31191830196271414,0.29650468290015897,-0.22370811367110127,0.0,1.063020380232529,-0.7815468113975577,1.1542278146468545,0.33157551195388923,-0.1821862348178137,2.0,2020.0,0.0,1.0,2.0,0.0,0.0,0.0,1
1.3300970873786409,-0.30941559125758855,0.5094429720743643,-1.0539566793304738,-0.14439109492041077,-0.10855680858979788,-0.8751696065128901,-0.3852534149012176,0.03358916911484918,-0.6766917293233082,2.0,2020.0,-1.0,3.0,1.0,0.0,0.0,0.0,1
-1.2718446601941749,0.03766326414027577,0.7496620317011045,-0.5473128185105944,0.6234205390011456,-0.4901703474589159,-0.746268656716418,-0.8056127086930773,-0.018461415270075904,-0.6766917293233082,1.0,2020.0,-1.0,0.0,2.0,0.0,1.0,0.0,1
-1.3786407766990292,0.3941530502211567,-0.022690740401305094,0.22991094764264602,-1.2984561660037415,0.941837923228066,-0.5956580732700135,1.1250875921521029,0.3712282902543019,0.15280135823429541,3.0,2020.0,1.0,0.0,2.0,0.0,0.0,0.0,0
-0.47572815533980584,-0.852933308724775,0.13326530250480162,1.7171361218263939,-1.1561288025222993,2.430229931832588,0.032564450474898234,1.1542278146468545,-2.072824056719954,-0.6766917293233082,3.0,2022.0,-1.0,1.0,0.0,0.0,0.0,0.0,0
0.0,0.7616453741962985,0.2316505472125182,-1.06453667486757,-0.0,-0.34652947060010947,0.7150610583446404,0.0018923990484124881,-0.2639325683052656,0.6090225563909776,3.0,2023.0,1.0,1.0,3.0,0.0,0.0,1.0,1
0.3883495145631068,-0.5316966356778764,0.35559855708606997,-0.4765905545152986,0.5343221654973497,1.3758795761556755,-0.4993215739484396,0.767751734457172,-0.7315505417398752,-0.6766917293233082,3.0,2020.0,-1.0,2.0,0.0,1.0,0.0,1.0,1
0.8349514563106796,-0.08400924769300787,0.6654504586811634,1.4829944843827978,1.064150854774465,1.2745062562996499,0.8860244233378561,1.0185498318660882,-0.10707031177176546,-0.6766917293233082,0.0,2023.0,-1.0,2.0,1.0,1.0,1.0,0.0,0
0.0,0.1946568579688018,0.8583199141689944,0.01828450073328603,-0.0,-0.4315024279542002,0.9253731343283582,-0.565157518463291,-0.08399490683147388,-0.6766917293233082,4.0,2023.0,-1.0,1.0,2.0,0.0,1.0,0.0,0
-1.796116504854369,1.3118724065104355,1.6315634128644076,0.8890501991815933,1.1750976783413223,-0.6542435722657092,0.9335142469470827,-0.36971976296440706,-0.8582840895921999,-0.6766917293233082,3.0,2023.0,-1.0,0.0,3.0,0.0,0.0,0.0,1
0.6699029126213593,-0.28040141518994605,-0.11344193477704169,0.6093894834308067,0.909973389451731,1.3583660741091057,0.6919945725915875,0.934496506997993,-0.38088776952620435,-0.16240601503759394,4.0,2023.0,0.0,2.0,1.0,0.0,1.0,0.0,1
0.0,-0.2797762912037407,-0.11300928613856254,0.20350632442241492,0.0,1.709729456502037,-0.24559023066485752,1.1542278146468545,-0.4783417663019272,0.4921394395078606,0.0,2021.0,0.0,1.0,1.0,0.0,0.0,0.0,0
-1.5631067961165048,-0.11631635833127608,-0.642827877373705,0.5033816058684234,-0.8147297613933705,0.521224629959734,-0.8222523744911805,0.42684692245651285,-0.060626950829483196,0.7518796992481203,4.0,2020.0,2.0,0.0,1.0,0.0,0.0,0.0,0
0.11650485436893204,-0.34450342988964233,-0.15780694735928863,0.6895102921669444,-0.03281679241613011,-0.2816774682384501,0.16010854816824965,-0.6695174629994709,0.09703885393077684,5.7518796992481205,3.0,2022.0,0.0,1.0,1.0,1.0,1.0,0.0,0
0.6213592233009708,-0.295475648631804,-0.973792731225284,1.0688816182867173,1.0738937230151613,1.7282977104775255,0.13975576662143827,1.1542278146468545,-0.5106698870322086,0.7926960257787325,3.0,2022.0,3.0,2.0,1.0,0.0,0.0,0.0,1
-0.08737864077669903,-1.4004480301329898,-0.8886165955055074,-1.3610200632183842,-0.05358724222145832,0.6132762165344674,0.7164179104477612,-0.40442212102984015,-0.8588614693731078,-0.2175080558539205,1.0,2023.0,0.0,1.0,0.0,1.0,0.0,0.0,0
-0.34951456310679613,-0.9480180721912307,0.06745555319420284,-0.4027295894372333,-0.14603810067039413,0.41783123247362763,1.0067842605156039,-0.2556015881201792,-0.3961115595109344,-0.6766917293233082,3.0,2023.0,-1.0,1.0,0.0,0.0,0.0,0.0,0
-0.11650485436893204,-0.9593732106769757,-0.5833553566498977,0.3197944361201428,-0.12484760389401518,1.071608600090297,0.03934871099050204,0.25924402485030046,-1.0280725832576874,-0.11768551814318402,4.0,2022.0,0.0,1.0,0.0,0.0,0.0,0.0,1
-0.2815533980582524,0.6634992810400178,0.539836528189109,1.5733226452634568,-0.20567378352857177,0.7304965414980308,-0.2835820895522388,1.1542278146468545,0.48468393008616295,-0.3705692803437164,3.0,2021.0,0.0,1.0,3.0,0.0,0.0,0.0,1
-1.0388349514563107,1.2749105316226743,0.5868835885029773,-0.7114988372231844,0.17894126610676236,-0.17225187298127592,-0.5983717774762551,0.6480674972552957,-0.21960572695555985,0.05800214822771215,3.0,2020.0,1.0,0.0,3.0,0.0,0.0,1.0,1
-0.5533980582524272,0.0682421823638561,-0.24825188149756539,0.19681889939020816,-0.14514272451480445,0.2622754495618396,-0.9565807327001357,0.3143617846553337,0.0178982490585614,25.037593984962406,4.0,2020.0,1.0,1.0,2.0,0.0,0.0,0.0,0
0.4077669902912621,-0.23645886395503407,-0.08302926069970325,0.662327242884186,0.21695764575670096,0.5320627979271476,0.04206241519674356,0.35116106044999124,-0.12581096475059017,1.1600429645542427,2.0,2022.0,0.0,2.0,1.0,0.0,0.0,1.0,0
0.0,-0.04436723241921822,-0.5930336900440051,1.2754817882564786,0.0,0.07488447650297163,0.13432835820895522,0.032152739313451424,-0.003322416973598828,1.8947368421052633,3.0,2022.0,2.0,1.0,1.0,0.0,0.0,0.0,0
0.13592233009708737,0.40022738251322715,0.35762398228470266,1.6824514851631887,0.01934523521213438,0.14232565906070294,0.6675712347354138,0.42324381984837545,0.05696262599033511,-0.11768551814318402,2.0,2023.0,0.0,1.0,2.0,0.0,0.0,1.0,0
-0.7669902912621359,-0.8464314050307804,0.13776537840070888,-0.2442529596581285,0.5068876652210744,-0.6608788546553249,0.032564450474898234,-1.9230879512497938,0.5593886175010396,-0.6766917293233082,4.0,2022.0,-1.0,0.0,0.0,0.0,0.0,0.0,1
-0.13592233009708737,0.0909860963508026,0.1435963141810902,-0.2898251829967951,0.02666457756027883,-0.1961751063363371,0.8493894165535957,-0.22632097586950797,-0.017849207126746914,-0.11768551814318402,1.0,2023.0,0.0,1.0,2.0,0.0,0.0,0.0,1
-1.6893203883495145,0.6835148704718256,0.17757631737942642,-0.7173880587155828,0.3439636936750713,-0.2036106922329445,0.2781546811397558,0.1824766389469835,-0.1391709359282798,0.35187969924812035,3.0,2022.0,1.0,0.0,3.0,0.0,0.0,0.0,0
0.14563106796116504,0.3022590470254112,0.2898194521924961,-0.575908679015151,-0.08578838763689804,-0.5890802617733666,0.6974219810040706,-0.8756050644094622,-0.17805483854509754,0.3123192596876808,3.0,2023.0,0.0,1.0,2.0,0.0,1.0,0.0,0
1.116504854368932,0.05175339008460894,0.11644319157168788,-0.42530526247489026,0.28183378968151,0.2524250464103959,-0.6729986431478969,0.2926710350261027,0.013063851894002736,0.1804511278195489,3.0,2020.0,0.0,3.0,2.0,0.0,0.0,0.0,0
-1.1359223300970873,0.7043012035516341,1.211053258583345,-0.11611424745020683,0.4636641655688746,-0.408182983364052,0.7272727272727273,-0.1563026754128465,-0.28748376645259843,-0.6766917293233082,3.0,2023.0,-1.0,0.0,3.0,0.0,0.0,0.0,0
-0.44660194174757284,-2.274453389124372,-0.8505924336937272,0.40061305439884837,-2.0149597837484228,4.511757776654077,0.3704206241519674,1.1542278146468545,-10.261782766019108,-0.6766917293233082,4.0,2022.0,-1.0,1.0,0.0,0.0,1.0,0.0,0
0.2621359223300971,0.4444195333710248,1.0311848239204227,0.361609292848966,0.24458316791130918,0.9330394924024017,-0.6295793758480326,1.1542278146468545,0.4146609758302132,-0.6766917293233082,4.0,2020.0,-1.0,2.0,2.0,0.0,1.0,0.0,0
0.9805825242718447,-0.6266764012913932,0.2898614785391998,0.5075597223573834,0.09538556418047602,0.09727438723355475,-0.5902306648575305,-0.3549007837172737,-0.06095956292934954,-0.6766917293233082,1.0,2020.0,-1.0,3.0,0.0,0.0,0.0,0.0,1
-0.33980582524271846,-1.5727896649146182,-1.0078902653352046,-0.08902456541905826,-0.39341341238095295,1.15775947072109,0.8683853459972863,-0.11554443378921024,-1.8209121300071491,-0.309344790547798,2.0,2023.0,0.0,1.0,0.0,0.0,0.0,0.0,1
-0.5339805825242718,0.31038772803647247,0.29544536307218106,-0.28320683424894405,0.09982968124140901,-0.18695376668845687,-0.9023066485753053,-0.057112076161016156,-0.058028154890290874,0.4921394395078606,0.0,2020.0,0.0,1.0,2.0,1.0,1.0,0.0,0
-1.5242718446601942,1.00394296113748,0.7754608723913883,1.0249769679028633,0.8798610487184757,-0.5772336816433312,-0.050203527815468114,-0.34415102466507674,-0.5795096916172954,-0.43859649122807015,2.0,2021.0,0.0,0.0,3.0,0.0,0.0,0.0,0
0.08737864077669903,-0.21122996662000412,0.5773988790750008,0.37045351119234876,0.025619819120062497,0.2932045965962708,-0.34599728629579374,0.14729324352131726,-0.06193359715186206,-0.6766917293233082,3.0,2021.0,-1.0,1.0,1.0,0.0,1.0,0.0,1
1.5922330097087378,0.6655634915226483,0.5412651861969293,-0.4463930496643164,-0.9152584872052989,-0.5748269767204012,0.3514246947082768,-0.5771623336701222,-0.38258384964743825,-0.16240601503759394,4.0,2022.0,0.0,4.0,3.0,0.0,0.0,1.0,1
0.22330097087378642,0.10617124564508523,-0.6958288858434126,-1.8667839904521941,-0.11890262249883259,-0.5324769616252067,0.6960651289009498,-0.8601044217247017,-0.05653374229305845,3.6090225563909772,3.0,2023.0,3.0,2.0,2.0,0.0,0.0,0.0,1
-0.009708737864077669,1.3118724065104355,0.6124651492018113,0.35713539025383617,0.0029202549910640045,-0.30078626407959247,-0.25237449118046135,0.47231547386390793,-0.39459320010337834,0.15280135823429541,1.0,2021.0,1.0,1.0,3.0,0.0,0.0,0.0,0
0.2524271844660194,1.2180970772551287,1.566659944792073,-0.24635021582326744,-0.06499711619119476,-0.2574885756805023,-0.12075983717774763,0.47749726004187076,-0.3136460814630059,-0.6766917293233082,1.0,2021.0,-1.0,2.0,3.0,0.0,0.0,0.0,1
0.0,0.4960885298234895,0.04785858779729024,-0.28181458409497734,-0.0,-0.5434715669853573,0.9782903663500678,-0.6121446473399959,-0.269610010666634,0.3947368421052631,3.0,2023.0,1.0,1.0,3.0,0.0,0.0,0.0,1
-0.6310679611650486,-0.38525783832019345,0.4569512890288117,0.4397257976912459,-0.6882433899400304,1.0906010640588173,0.5861601085481682,0.6795142423553285,-0.42016260840900277,-0.6766917293233082,3.0,2023.0,-1.0,1.0,1.0,0.0,0.0,0.0,0
0.6407766990291263,-1.388912656267117,-0.8806331986755462,-0.4869750344477935,0.3297755314863963,0.5146496930772548,0.8100407055630936,-0.4808762499739626,-0.7148034722589865,-0.06444683136412459,1.0,2023.0,0.0,2.0,0.0,0.0,1.0,0.0,1
0.18446601941747573,-0.29857245043775643,-0.1260181157294944,0.11509514661111231,0.07444683003129704,0.40358018385387345,-0.09769335142469471,0.19147702677121356,-0.12049792444137127,-0.3195488721804511,4.0,2021.0,0.0,1.0,1.0,0.0,0.0,1.0,1
0.0,-0.233844167674941,-0.0812196266424503,0.584615459084846,0.0,0.8648256103396512,-0.5033921302578019,0.6225085833688621,-0.20223442503384859,0.24167561761546721,4.0,2020.0,0.0,1.0,1.0,0.0,1.0,0.0,1
-0.7572815533980582,1.3118724065104355,0.6124651492018113,-0.1988277791376999,0.40938024190897243,-0.540591857905438,-0.15061058344640435,-0.026459667502192898,-0.7091875415703542,0.4921394395078606,2.0,2021.0,1.0,0.0,3.0,0.0,0.0,0.0,1
0.0,0.10973721308515641,-0.48638134708980696,-0.003910349949987697,0.0,0.2631581955775151,0.451831750339213,0.3446653357557668,0.028878246983195036,0.19993164730006832,4.0,2022.0,2.0,1.0,2.0,0.0,0.0,0.0,1
0.5242718446601942,-0.0016241338537400546,-0.29660573797546286,-0.11417126532758619,-0.13706998402701234,-0.26144830286633836,-0.7503392130257802,-0.39337162224435923,0.0004246270396881031,1.037593984962406,2.0,2020.0,1.0,2.0,1.0,0.0,1.0,0.0,1
-0.42718446601941745,0.3427816086243182,0.9608395224842997,0.7727948715505887,0.1119360028471236,-0.26203200666485754,-0.4314789687924016,-0.15021972371110456,-0.08981975275563794,-0.6766917293233082,3.0,2021.0,-1.0,1.0,2.0,0.0,0.0,0.0,0
0.7864077669902912,-0.06563686810384269,0.03519698352658326,1.030407437907604,-0.05285815979451246,-0.06721469702265165,-0.8738127544097694,-0.15735783434697062,0.004411762203115534,-0.2619451855445064,2.0,2020.0,0.0,2.0,1.0,0.0,1.0,0.0,1
-0.3786407766990291,1.2623958161860143,1.597319840211024,1.4888119459487208,0.26388934885615145,-0.6969385367226564,-0.10990502035278155,-0.5682686714158531,-0.8798122928974843,-0.6766917293233082,1.0,2021.0,-1.0,1.0,3.0,0.0,0.0,0.0,1
-0.6019417475728155,-0.6014052068346641,-0.33560815277818745,-0.7728739262170325,-0.17285581795898763,0.28716369757702787,0.6729986431478969,-0.1352548286838186,-0.1727017429367194,-0.11768551814318402,4.0,2023.0,0.0,1.0,0.0,1.0,0.0,0.0,0
-0.5825242718446602,0.0557949415102306,-0.2568665130348032,0.7556190617419346,-0.7747235201168368,1.3299420428672366,-0.9172320217096337,1.1542278146468545,0.07420403849377406,0.07961079168509512,2.0,2020.0,1.0,1.0,2.0,0.0,0.0,0.0,1
-1.3689320388349515,0.3997951813705179,-0.018785837308927893,0.38766388040086197,0.5601705940844238,-0.4092026325581252,0.3704206241519674,-0.3741639955955467,-0.16359724070086906,0.44132069303694016,3.0,2022.0,1.0,0.0,2.0,0.0,1.0,0.0,1
0.36893203883495146,-1.1621929873685997,-0.08077847466257163,-0.5592541226061606,0.23428466820187618,0.6350347585471907,0.8805970149253731,-0.21740548904692225,-0.7380329431188569,-0.6766917293233082,2.0,2023.0,-1.0,2.0,0.0,0.0,0.0,0.0,0
-1.4174757281553398,-0.5926556265590054,0.3134078236618928,0.2313658219072048,-0.31435897123860174,0.22177379477791767,-0.49796472184531887,-0.19559831862609908,-0.13143548729847507,-0.6766917293233082,0.0,2020.0,-1.0,0.0,0.0,0.0,0.0,1.0,1
-0.9514563106796117,-0.1304834501648003,-0.009683502728311626,-0.1348147447849411,0.05011381083949736,-0.052670637923145185,0.40705563093622793,-0.1844406909607983,0.006872646558592956,-0.03383458646616534,1.0,2022.0,0.0,0.0,1.0,0.0,0.0,0.0,0
-1.6116504854368932,-0.44592491010632557,0.4149625976748922,0.7731212883007789,-0.4262081234508573,0.26445443804480906,0.9647218453188603,-0.04785349593090395,-0.11792682151235033,-0.6766917293233082,2.0,2023.0,-1.0,0.0,1.0,1.0,0.0,0.0,0
-0.05825242718446602,-0.6575119230531842,0.26851970007728176,-0.7217790834575327,-0.053582334450815276,0.9198300747389956,0.9389416553595658,0.3634367296965229,-0.6047992413237911,-0.6766917293233082,3.0,2023.0,-1.0,1.0,0.0,0.0,0.0,0.0,0
-0.11650485436893204,-1.2315855654528312,-1.1478296984133742,0.42918950002285705,-0.23599321305227305,2.0256084120320104,-0.5020352781546812,0.6636779837621232,-2.494710081518455,0.35187969924812035,2.0,2020.0,1.0,1.0,0.0,0.0,0.0,0.0,1
-0.2524271844660194,-0.16752989353190603,0.6076444278878466,-0.34093440576710304,0.06344205565820478,-0.25132814356904204,-0.76797829036635,-0.4946977289107538,0.042104977133693204,-0.6766917293233082,3.0,2020.0,-1.0,1.0,1.0,0.0,0.0,0.0,1
-0.8058252427184466,-1.3107147813084759,-0.1835728832514075,-0.43775562474058205,-0.026141325373635386,0.03244043992149934,-0.6729986431478969,-0.9152626061601911,-0.04252016411725875,-0.6766917293233082,3.0,2020.0,-1.0,0.0,0.0,0.0,0.0,0.0,1
-0.9029126213592233,0.5105059330923116,0.05783685344628059,-0.9850704087665779,0.5512907311991208,-0.6105693044463381,0.4233378561736771,-0.7927986925754884,-0.3116992524839015,0.1804511278195489,3.0,2022.0,1.0,0.0,3.0,0.0,0.0,0.0,0
0.36893203883495146,-0.03440556081008778,-0.3192934395886095,0.6257524253128781,-0.0858999056748226,-0.2328339548554402,0.4708276797829037,-0.3711613248443081,0.008010782792432081,0.2100077780658543,2.0,2022.0,1.0,2.0,1.0,0.0,0.0,0.0,0
-0.42718446601941745,-1.272784449287584,-1.443160043679846,2.18717466734598,-0.2854932202845052,0.66831367475691,0.36906377204884666,-0.2683562056060056,-0.8506192524768351,0.4253490870032224,4.0,2022.0,2.0,1.0,0.0,0.0,0.0,0.0,0
0.2524271844660194,-0.3493517560349088,-0.1611624724241504,1.4769639485119161,-0.05742468328332945,-0.22749009146857435,-0.3012211668928087,-0.5860642103285224,0.07947406293508848,-0.2870813397129186,2.0,2021.0,0.0,2.0,1.0,0.0,0.0,0.0,1
-0.6796116504854369,-0.7055477744245569,-0.7837787400993739,-0.8078751750695798,0.21560646588015617,-0.3172495140808012,-0.6309362279511533,-0.9858692480652843,0.2238346885969814,0.24167561761546721,2.0,2020.0,1.0,0.0,0.0,0.0,0.0,0.0,1
0.14563106796116504,0.15596657682977658,0.18856961138121528,-0.14833477772771983,-0.04385534707955521,-0.30114004994627913,0.18317503392130258,-0.34754123472474924,-0.0469677827364691,-0.0922761449077238,1.0,2022.0,0.0,1.0,2.0,0.0,0.0,0.0,1
0.0,0.9772380979447288,0.38086290900625513,0.06145674541822102,-0.0,-0.3562188722763741,-0.008141112618724558,0.13695899330111652,-0.34811065319538015,7.894736842105262,2.0,2021.0,1.0,1.0,3.0,0.0,0.0,0.0,0
0.4563106796116505,-1.60860491895841,-1.0326770625803496,2.666335698793427,0.9688213271931735,2.123161631933976,0.47761194029850745,0.45127859249488156,-3.4153282448727587,-0.2175080558539205,0.0,2022.0,0.0,2.0,0.0,0.0,0.0,1.0,1
-0.3106796116504854,-0.008201152042651799,-0.5680039921996537,-0.2943281082453821,0.08626436649450224,-0.2776634296541791,-0.09226594301221167,-0.4245242648174056,0.002277160003278075,1.0003269042170644,3.0,2021.0,2.0,1.0,1.0,0.0,0.0,1.0,1
0.20388349514563106,-0.22947153890374106,-0.07819332547362799,-0.5855407779167462,-0.020050840498388546,-0.09834459863495335,-0.29579375848032563,-0.31477032335214516,0.022567286391633495,-0.1821862348178137,1.0,2021.0,0.0,1.0,1.0,0.0,0.0,1.0,1
-0.18446601941747573,0.3420649135837381,0.3173693458264485,-0.3650901526665702,0.09910357665950581,-0.5372457050488999,-0.3853459972862958,-0.7051450924234175,-0.18377290567078639,1.1600429645542427,2.0,2021.0,0.0,1.0,2.0,0.0,1.0,0.0,1
0.009708737864077669,-0.27977629120373837,-0.9629279635408439,-0.4220841923870611,0.0016848537358635713,0.17353993479394786,-0.5481682496607869,-0.024808203792739465,-0.04855235933238933,4.466165413533835,3.0,2020.0,3.0,1.0,1.0,1.0,0.0,1.0,1
-0.2524271844660194,-0.7053975150088945,0.23537728390766421,0.15964642726794914,0.02362055636028972,-0.09357374250422466,-0.44097693351424694,-0.6456664754791522,0.06600668543256225,-0.6766917293233082,2.0,2021.0,-1.0,1.0,0.0,0.0,1.0,0.0,1
-0.1262135922330097,0.45883310983562825,0.02207417418255232,-0.2674285979142691,-0.01453407770891278,0.11515461569369356,-0.7788331071913162,0.4346343119284118,0.05283675043066406,0.4921394395078606,1.0,2020.0,1.0,1.0,2.0,0.0,0.0,0.0,0
0.1650485436893204,-0.7408254877627112,-0.8081934484485414,-1.0539997003698056,-0.08095104570049899,-0.4904681004206703,-0.27951153324287653,-1.3580191878448467,0.36335126972619347,0.15280135823429541,1.0,2021.0,1.0,1.0,0.0,0.0,1.0,0.0,0
-0.7669902912621359,0.7645822393943104,0.6097969508794691,0.4541643835443191,0.37058156569348294,-0.4831633071699841,-0.8941655359565808,-0.2742141105905731,-0.3694180833891875,-0.11768551814318402,3.0,2020.0,0.0,0.0,3.0,1.0,1.0,0.0,0
-0.7864077669902912,-0.08356227259812112,-0.8271367520844336,0.6967483259458365,-0.2227870365972321,0.2832970959199371,-0.5970149253731343,0.22791062183704117,-0.02367294915551785,1.5593331153971886,1.0,2020.0,3.0,0.0,1.0,0.0,0.0,0.0,0
-1.0776699029126213,1.3118724065104355,0.6124651492018113,-0.12821117898919657,0.5087801055700868,-0.4721112691326031,0.5128900949796472,0.1387889721654637,-0.6193497467776838,0.07961079168509512,2.0,2022.0,1.0,0.0,3.0,0.0,0.0,0.0,0
-1.2427184466019416,-0.1494809239112379,-0.8727563821659782,0.17472897599485773,-1.9365768670766903,1.5583391977257743,-0.32157394843962006,1.1542278146468545,-0.232941983043146,2.537593984962406,3.0,2021.0,3.0,0.0,1.0,0.0,0.0,0.0,0
-0.941747572815534,-0.6703666097409153,0.25962275720709915,0.1639329877152275,-0.7551582798639112,0.8018691012987922,0.3568521031207598,0.2649148193016748,-0.5375462708936659,-0.6766917293233082,3.0,2022.0,-1.0,0.0,0.0,0.0,0.0,1.0,0
0.1262135922330097,-1.3179471976338577,-0.8315193736276173,-0.004290450243789397,0.021512429209685262,0.17044463143058322,0.4531886024423338,-0.7639297616857539,-0.2246370243456729,0.07961079168509512,3.0,2022.0,0.0,1.0,0.0,1.0,0.0,0.0,0
-0.6893203883495146,-1.5506822563855447,-1.635466391099868,-0.06105373931923329,-0.8247112449835603,1.1964120877930522,0.18453188602442333,-0.07346367689502133,-1.8552549958658706,1.592215833701902,3.0,2022.0,2.0,0.0,0.0,1.0,0.0,1.0,1
0.4077669902912621,-1.3745749065800328,-1.5136001770309029,-1.1866864988197237,-0.10262828982082765,-0.2516836631320297,0.932157394843962,-1.3507085267636187,0.3459580477374302,1.3533834586466165,0.0,2023.0,2.0,2.0,0.0,0.0,0.0,0.0,1
0.0,0.11411174268684413,0.15960167882355536,0.041362505894790284,-0.0,-0.09157341070028738,-0.9240162822252375,-0.06216739628582527,-0.010449601478787892,-0.16240601503759394,1.0,2020.0,0.0,1.0,2.0,0.0,0.0,0.0,0
-1.5242718446601942,0.3083954861637869,0.9370403141107159,-0.39719799025415403,0.7602864741291476,-0.4987866677407784,0.4966078697421981,-0.6339848805416746,-0.1538235568899326,-0.6766917293233082,1.0,2022.0,-1.0,0.0,2.0,0.0,0.0,0.0,0
0.5145631067961165,-1.3722069476548355,-0.8690715121994229,1.1503440086110985,1.1633021116244855,2.260756933911736,0.932157394843962,0.694739980697716,-3.1022263716725282,-0.3383458646616541,1.0,2023.0,0.0,2.0,0.0,0.0,1.0,0.0,0
0.6310679611650486,0.6190537642166256,0.1329627502286316,-0.498348485426199,-0.31602290980015946,-0.5007747647602526,0.7408412483039348,-0.4185334446998543,-0.3100065031495296,1.4661654135338344,1.0,2023.0,1.0,2.0,3.0,0.0,0.0,0.0,1
-0.7669902912621359,0.4242384481398483,-0.0018687158501021327,-0.07181418733989538,0.19963049125830196,-0.2602777291089253,-0.6336499321573948,-0.08965187244365183,-0.1104198198825343,0.6090225563909776,2.0,2020.0,1.0,0.0,2.0,0.0,0.0,0.0,0
0.3300970873786408,-0.31992053008321886,-0.5168945565084909,-1.6067907967289032,-0.05722821955342256,-0.1733678415883095,-0.31886024423337855,-0.4839013299558578,0.055463931780315494,0.8359133126934984,3.0,2021.0,1.0,2.0,1.0,0.0,0.0,0.0,1
-0.6601941747572816,1.1957863797290478,0.9082377924859115,0.7919296618849255,-0.2000326291343011,0.30299060001225014,-0.6255088195386703,1.1542278146468545,0.3623120326805806,-0.3552631578947368,3.0,2020.0,0.0,1.0,3.0,0.0,0.0,0.0,0
0.07766990291262135,0.6205020792814324,0.5100777971437291,-0.1750869028537578,-0.03282765782359686,-0.4226560944788096,0.22388059701492538,-0.24504227814218718,-0.26225898544507087,-0.16240601503759394,2.0,2022.0,0.0,1.0,3.0,0.0,0.0,1.0,1
-0.9805825242718447,-0.316640181650054,-0.781466075363061,0.7556190617419346,-1.7193922198162488,1.7534395905056794,0.44369063772048845,1.1542278146468545,-0.5552094304501146,0.4253490870032224,3.0,2022.0,2.0,0.0,1.0,1.0,0.0,0.0,0
-1.3883495145631068,-0.8173530076702812,-1.12798756125345,-0.38948268979445344,-2.0239450509824413,1.4578065751831568,-0.33921302578018997,0.617802561894968,-1.191542588827465,1.0003269042170644,2.0,2021.0,2.0,0.0,0.0,0.0,0.0,0.0,0
-0.2912621359223301,-1.8310589696366824,-1.5626856043397064,-0.29067742830761717,-0.6562925203838297,2.253270986651149,0.10176390773405698,0.36543172503289045,-4.125872051129683,0.3123192596876808,1.0,2022.0,1.0,1.0,0.0,0.0,0.0,1.0,0
-0.08737864077669903,-0.6790083563015207,-1.032246424894957,0.2684547462013459,-0.07239135210514365,0.8284788074255328,0.4016282225237449,0.27930318651556885,-0.5625440332606552,0.4921394395078606,3.0,2022.0,2.0,1.0,0.0,1.0,1.0,0.0,0
-0.30097087378640774,-0.2704814206684084,-0.48267853907515446,-0.1784732881769958,-0.15030076788556493,0.4993864223294577,-0.13161465400271372,0.29835093968835835,-0.1350747489741855,0.44132069303694016,0.0,2021.0,1.0,1.0,1.0,0.0,0.0,1.0,1
-0.912621359223301,-0.8945405529292327,-0.914574792318746,-1.1251275397841747,0.4471486782974431,-0.48996078579400676,0.7245590230664858,-1.4657698730166395,0.43828979223781217,0.05800214822771215,1.0,2023.0,1.0,0.0,0.0,0.0,0.0,0.0,0
-0.30097087378640774,0.5855251463277036,0.48586997109741975,-0.13582798021414919,0.11865045215505521,-0.39422569587002215,0.5617367706919946,-0.21285181125543265,-0.23082905826043548,0.12687969924812034,2.0,2023.0,0.0,1.0,3.0,0.0,1.0,0.0,1
0.21359223300970873,-0.03889913884165926,0.6966719167429314,1.114814189629672,0.15201881672405015,0.711724460117144,-0.8385345997286295,0.6413660695634673,-0.027685468591101763,-0.6766917293233082,4.0,2020.0,-1.0,2.0,1.0,0.0,0.0,0.0,1
-0.02912621359223301,-0.28151892542329604,-0.11421536418349659,-0.037529682742147706,-0.004729618316477043,0.16238356219904515,0.26322930800542743,-0.038075303334297435,-0.04571404593668214,-0.41954887218045106,3.0,2022.0,0.0,1.0,1.0,1.0,0.0,0.0,0
0.14563106796116504,-0.6234011161609785,-0.7269272019024255,-0.1657166682527261,-0.0573446424402744,-0.39376654475655093,-0.5006784260515604,-1.0687523068054983,0.24547450350808575,0.7518796992481203,1.0,2020.0,1.0,1.0,0.0,1.0,0.0,0.0,0
-0.5145631067961165,0.034924655671432,-0.5381575796021604,-0.8210921281107275,0.016437036456749238,-0.031943674623493803,0.13704206241519673,-0.040740719745071874,-0.0011156218371057812,1.592215833701902,3.0,2022.0,2.0,1.0,2.0,0.0,0.0,0.0,0
0.0,-0.013040113619783916,-0.30450662715830584,1.098528388790105,0.0,1.4051241914707793,0.9294436906377205,1.1542278146468545,-0.018322979106685972,-0.03383458646616534,3.0,2023.0,1.0,1.0,1.0,0.0,0.0,1.0,1
-0.912621359223301,-0.9775436471811494,-0.5959309284085421,-0.2987557274698416,-2.016931073369515,2.210041495287873,0.7747625508819539,0.9466690823762277,-2.1604120237253883,-0.3631028791490922,3.0,2023.0,0.0,0.0,0.0,0.0,0.0,1.0,0
0.3883495145631068,1.0339172784760136,0.7962064133725846,-0.09491752089922492,-0.18157789662938673,-0.46756308382067086,-0.1655359565807327,-0.04803566357277384,-0.48342155113972024,0.12687969924812034,3.0,2021.0,0.0,2.0,3.0,0.0,0.0,0.0,0
0.9223300970873787,-0.17998014319305466,0.599027402623398,0.247108320375031,0.8736821252760228,0.9472553568782142,-0.3894165535956581,0.7221435046941941,-0.17048715477132909,-0.6766917293233082,2.0,2021.0,-1.0,3.0,1.0,0.0,0.0,0.0,0
0.3786407766990291,-0.08554207083315347,0.6643895662425336,-0.26472991473895124,-0.055529569858637134,-0.14665501783178525,-0.5020352781546812,-0.2794401696224493,0.012545173923403959,-0.6766917293233082,1.0,2020.0,-1.0,2.0,1.0,0.0,0.0,0.0,1
-0.1553398058252427,0.46881702480719506,-0.23786762851367046,0.08658160604621494,0.11399151249083493,-0.73382036165975,0.08819538670284939,-1.2957140799429516,-0.3440274786962638,5.7518796992481205,3.0,2022.0,2.0,1.0,2.0,0.0,0.0,0.0,1
-0.4077669902912621,0.08684240912842131,0.1407284499872744,-0.2482281745955296,0.18774204401508093,-0.46041501270365087,-0.7408412483039348,-0.7034488916151197,-0.03998354890207775,0.4921394395078606,3.0,2020.0,0.0,1.0,2.0,0.0,0.0,0.0,0
0.8058252427184466,0.6657741670734236,0.16529796181995413,1.9035880477118656,0.5870233652920519,0.7284747786154379,0.12075983717774763,1.1542278146468545,0.4849996889666898,1.8947368421052633,3.0,2022.0,1.0,2.0,3.0,0.0,0.0,0.0,1
-1.0970873786407767,0.13019289934985925,-0.20537626489958868,-0.3593462627929651,0.22297329750874625,-0.20324114728673331,-0.9647218453188603,-0.2091354483286836,-0.02646055423245159,1.30133024869867,3.0,2020.0,1.0,0.0,2.0,0.0,1.0,0.0,0
-0.7475728155339806,-0.5931932542924099,-0.32992469151140436,-0.040880932103584934,-0.17308339560642258,0.2315271395774224,-0.3256445047489824,-0.18587414944310143,-0.1373403373829442,-0.0922761449077238,4.0,2021.0,0.0,0.0,0.0,0.0,0.0,0.0,1
-0.30097087378640774,0.1900057375453546,0.21212828992569413,-0.6370275716483104,0.0732699812337788,-0.24344542151868442,-0.5305291723202171,-0.22877591811068682,-0.04625602686769737,-0.16240601503759394,4.0,2020.0,0.0,1.0,2.0,0.0,0.0,0.0,1
0.0,-1.0204261515029576,-1.0016955746417937,1.404926061604067,0.0,2.6560167053393213,0.9565807327001357,1.1542278146468545,-2.7102689049569686,-0.049514028974876154,4.0,2023.0,1.0,1.0,0.0,1.0,1.0,0.0,1
0.30097087378640774,-0.013400951347323433,-0.3047563594177674,1.5733226452634568,0.42302120676584043,1.4055220740929537,0.4735413839891452,1.1542278146468545,-0.018835332932508796,0.44132069303694016,3.0,2022.0,1.0,2.0,1.0,0.0,1.0,0.0,1
-0.7475728155339806,-0.1274222427295424,-0.00756483418929245,0.9384919104847514,-1.146175426967175,1.5331957010080393,-0.27408412483039346,1.1542278146468545,-0.19536323476573728,-0.29854046881910656,4.0,2021.0,0.0,0.0,1.0,0.0,0.0,0.0,0
-0.23300970873786409,-0.2680583871539079,-0.48100159478737986,-0.09317014649275537,-0.0183789818109378,0.07887646360527471,-0.7829036635006784,-0.12178153570089618,-0.021143497618433853,0.6090225563909776,1.0,2020.0,1.0,1.0,1.0,1.0,0.0,0.0,1
0.0,0.40042771846020636,0.35776263618582216,-0.21807842368977134,-0.0,-0.027640883327360755,0.05698778833107191,0.22374412774470853,-0.011068175846999824,-0.0922761449077238,1.0,2022.0,0.0,1.0,2.0,1.0,0.0,0.0,0
-0.5436893203883495,-1.6139737482522065,-0.3934634678538365,-0.6188502716986493,-0.007150614283477273,0.013152022699967129,-0.5440976933514247,-1.1534443836164063,-0.021227019374164054,-0.6766917293233082,2.0,2020.0,-1.0,1.0,0.0,1.0,1.0,0.0,0
0.7669902912621359,-0.5419588228037825,0.3484959263646654,0.7164322366954415,1.5118785498333722,1.9711834257321181,0.09633649932157395,1.1214937291946552,-1.068300248940106,-0.6766917293233082,3.0,2022.0,-1.0,2.0,0.0,0.0,0.0,0.0,1
-1.058252427184466,-0.026038336989732985,0.7055730920201579,0.6627560107473771,0.5355247000895578,-0.506046276231417,0.6879240162822252,-0.8883457531796093,0.01317660347291314,-0.6766917293233082,3.0,2023.0,-1.0,0.0,1.0,0.0,1.0,0.0,0
1.2524271844660195,0.2746049524653279,-0.5792607702843768,-1.017136062133025,-0.0052343950518251425,-0.004179400700294493,0.2537313432835821,0.16382265102614751,-0.0011476841306379275,1.4661654135338344,3.0,2022.0,3.0,3.0,2.0,0.0,0.0,0.0,1
0.6504854368932039,-0.9271049934380049,-1.203940471604543,-0.8458383739745905,-0.07621349083912805,-0.11716402323030133,0.28900949796472186,-0.8347894296064635,0.10862335098809876,0.7008592910848549,1.0,2022.0,2.0,2.0,0.0,0.0,0.0,0.0,0
0.8543689320388349,0.9171327666759292,0.07240861544173861,0.1303722859827417,-0.5057894219585011,-0.5920035279741547,0.1044776119402985,-0.4484189668780669,-0.5429458334928473,0.8068247541931753,1.0,2022.0,2.0,2.0,3.0,1.0,1.0,0.0,1
-0.3592233009708738,-0.7972355656427369,0.17181463865252394,-0.43553753190672506,0.01335994160750138,-0.037191188799260595,0.8697421981004071,-0.6371811976870171,0.029650138439304342,-0.6766917293233082,3.0,2023.0,-1.0,1.0,0.0,0.0,0.0,0.0,0
-0.10679611650485436,0.6788986480940319,0.17438142567952308,0.7270171562033768,0.057228169384842896,-0.5358637678762562,0.8792401628222524,-0.4628644461851269,-0.36379718757376445,1.037593984962406,1.0,2023.0,1.0,1.0,3.0,1.0,0.0,0.0,0
-1.1067961165048543,0.24283178280248785,-0.1274195843908175,-1.2634853940375685,0.41032952210848,-0.3707363226067846,0.048846675712347354,-0.41061722920933846,-0.09002656216824378,0.9304511278195489,2.0,2022.0,1.0,0.0,2.0,0.0,0.0,1.0,0
-0.39805825242718446,-0.6203654623611444,-0.72482630177269,0.46586187669180085,-0.015725141151746457,0.039504622893411834,-0.36092265943012214,-0.4175671972951736,-0.024507303646674083,1.037593984962406,1.0,2021.0,1.0,1.0,0.0,0.0,1.0,0.0,0
0.3883495145631068,1.3118724065104355,0.34560772153501385,0.16302548549381535,-0.07789848715157405,-0.20058860441530318,-0.05698778833107191,0.6323804037166622,-0.26314665519287356,1.7340225563909775,2.0,2021.0,2.0,2.0,3.0,0.0,0.0,1.0,1
1.0097087378640777,-1.060561173175235,-1.029471407171432,-0.014019264454130717,-0.05076326069444489,-0.050275152418536764,-0.5970149253731343,-0.8405342267655534,0.0533198746305671,1.037593984962406,3.0,2020.0,1.0,3.0,0.0,0.0,0.0,0.0,0
-0.8543689320388349,0.6384468392019845,0.5224975175850616,-0.26594962752717427,0.16474708713223038,-0.19282897698431511,0.2944369063772049,0.16668438853755077,-0.12311105086218821,-0.3292013818329607,2.0,2022.0,0.0,0.0,3.0,0.0,0.0,0.0,0
-0.2815533980582524,0.7039283614611929,0.5678178505461642,0.1291037462372248,-0.12052899957399231,0.42808575710762786,0.024423337856173677,0.9246812929867222,0.30134170556564666,-0.3552631578947368,3.0,2021.0,0.0,1.0,3.0,0.0,0.0,1.0,1
-0.11650485436893204,-0.639980818279868,0.2806532698334583,-0.5628622249534703,-0.008630962381719494,0.07408242710975899,-0.762550881953867,-0.3909149199917636,-0.04741133232186223,-0.6766917293233082,1.0,2020.0,-1.0,1.0,0.0,0.0,0.0,0.0,1
-1.0776699029126213,1.0190666164091313,0.7859281131062298,-0.5704664381149072,0.6955882767766363,-0.6454557883603022,-0.5753052917232022,-0.5464896120954557,-0.6577624462860214,0.3123192596876808,3.0,2020.0,0.0,0.0,3.0,0.0,0.0,0.0,0
0.46601941747572817,-0.3017760388289525,-0.1282353201533368,-0.8466032536546128,0.024581724737237267,0.0527482843319883,-0.016282225237449117,-0.17610201399968767,-0.015918168300730725,-0.2175080558539205,2.0,2021.0,0.0,2.0,1.0,0.0,0.0,0.0,1
-0.5533980582524272,0.13145508334600217,0.1716050866534417,1.8503503364796212,-0.48901647889705013,0.8836613566034415,0.7910447761194029,0.895624947890231,0.11616177728194675,-0.11768551814318402,3.0,2023.0,0.0,1.0,2.0,0.0,0.0,0.0,1
-0.14563106796116504,0.10863959208359682,0.7987859310373492,0.42792339083403574,-0.011662764330699965,0.08008431507080643,0.1546811397557666,0.14659607069109967,0.008700327321586656,-0.6766917293233082,3.0,2022.0,-1.0,1.0,2.0,0.0,0.0,0.0,0
-0.34951456310679613,-0.20870505464187117,0.5791464127308096,0.27588657511024667,0.06048147064984402,-0.17304420769260928,0.383989145183175,-0.40460734444053215,0.036115200821945324,-0.6766917293233082,1.0,2022.0,-1.0,1.0,1.0,0.0,0.0,0.0,0
-0.6116504854368932,0.5513191002682729,0.08608360717975429,-0.9178762225867466,-0.000851898958983558,0.0013927871869096266,-0.29579375848032563,0.3668072716913339,0.0007678701787521942,5.7518796992481205,4.0,2021.0,1.0,1.0,3.0,0.0,0.0,0.0,0
0.0,0.5373913989014413,-0.1904080126589042,-0.3628915867573919,-0.0,-0.630838870898815,0.1655359565807327,-0.8385810351890745,-0.3390073833137199,0.2640748211993398,3.0,2022.0,2.0,1.0,3.0,0.0,0.0,0.0,1
-0.1650485436893204,-1.5067701431699276,-0.9621997818081652,0.33153149774863244,-0.34848176780100815,2.111389534323755,-0.08005427408412483,0.5168859214049462,-3.181378710920491,-0.384483937115516,2.0,2021.0,0.0,1.0,0.0,0.0,1.0,0.0,0
-0.2815533980582524,0.9481995394405761,0.3607652096242802,-0.11950285930957767,0.06836325443704076,-0.2428074209315586,0.33921302578018997,0.30960579779878433,-0.23022988470005798,1.037593984962406,1.0,2022.0,1.0,1.0,3.0,0.0,0.0,0.0,1
-0.5631067961165048,-1.4375836559899666,-0.91431737900465,0.48036755791795355,-0.4838807230218732,0.8593054219181542,-0.8670284938941656,-0.2348329905848917,-1.2353234300531009,0.03759398496240601,4.0,2020.0,0.0,1.0,0.0,0.0,0.0,1.0,1
0.2524271844660194,0.7296325779125783,0.2094944381692978,0.12052838991054064,-0.15418024638542493,-0.6107909760653373,0.010854816824966078,-0.63818687473438,-0.44565299443229195,0.3123192596876808,3.0,2021.0,1.0,2.0,3.0,0.0,0.0,1.0,1
1.2912621359223302,0.8053517002640405,0.6380138768677449,-0.020111475849104353,-0.824667059676565,-0.6386519334337307,-0.37991858887381275,-0.6747350756267226,-0.5143394204677718,-0.20050125313283207,1.0,2021.0,0.0,3.0,3.0,0.0,0.0,0.0,1
0.11650485436893204,-0.10802108160510121,-0.3702419346470641,0.44023343163192774,0.05713363551327883,0.4903970381556433,-0.3202170963364993,0.40551982669273934,-0.05297321847751067,0.1804511278195489,2.0,2021.0,1.0,1.0,1.0,0.0,0.0,0.0,1
0.7766990291262136,-0.4310579698974288,-0.21771127271976973,0.6084316695514896,1.1834134515435553,1.5236448188623275,0.9362279511533242,0.9330571611049806,-0.6567792424635305,-0.4031354983202687,3.0,2023.0,0.0,2.0,1.0,1.0,0.0,0.0,1
-1.0776699029126213,-0.9898516711601155,-0.6044491811078251,1.5440975130237564,-0.23059920633900172,0.21397944371997457,-0.6051560379918589,-0.48523081386540523,-0.21180790996012872,-0.03383458646616534,3.0,2020.0,0.0,0.0,0.0,0.0,1.0,0.0,0
0.1262135922330097,0.28031956715700074,-0.10147447196719141,-0.4707650875260837,0.019021208316097868,0.15070649665831387,-0.35006784260515605,0.34743595637052993,0.04224597991100652,1.30133024869867,3.0,2021.0,1.0,1.0,2.0,0.0,0.0,0.0,1
-0.8446601941747572,-0.3484071306117558,-0.5366096500335126,-1.0645721805605692,0.5620683008168336,-0.6654371837256766,0.04341926729986431,-1.586853978547153,0.23184305978423078,3.6090225563909772,2.0,2022.0,1.0,0.0,1.0,0.0,0.0,0.0,0
-1.145631067961165,0.5262713004112434,0.06874804639931538,0.00469598867528206,0.554560956474898,-0.48406591963486867,0.7435549525101763,-0.4451900629243358,-0.25475000101100675,1.1600429645542427,3.0,2023.0,1.0,0.0,3.0,0.0,0.0,0.0,0
-0.5728155339805825,0.9529991877078814,0.740202159389253,-0.028517851154226902,0.2462997809176822,-0.4299809734664622,-0.14111261872455902,-0.02451894057000244,-0.40977151844338255,-0.0922761449077238,2.0,2021.0,0.0,1.0,3.0,0.0,0.0,0.0,0
0.9320388349514563,1.021654839672665,0.7877194497259199,1.9049524291928475,-0.6388307596903259,-0.6854121692510787,0.5074626865671642,-0.6922156809047293,-0.7002546598859044,-0.384483937115516,1.0,2022.0,0.0,3.0,3.0,0.0,0.0,0.0,0
0.7475728155339806,-0.5527690028174588,0.34101402063374925,-0.7870696330089018,-0.16150382856184664,-0.21603758885545718,0.7299864314789688,-0.7125987080465306,0.11941888256271921,-0.6766917293233082,3.0,2023.0,-1.0,2.0,0.0,0.0,0.0,0.0,0
0.1941747572815534,-0.2689467891976863,-0.4816164442160403,-0.9146338788161767,-0.04156026773827941,-0.21403537885213894,-0.35278154681139756,-0.5083870730494939,0.057564127916993134,0.35187969924812035,4.0,2021.0,1.0,1.0,1.0,0.0,1.0,0.0,0
-1.1844660194174756,-1.4544271025613043,-1.5688581988354313,1.0199726986058906,-1.830180514612434,1.5451524016809894,-0.18860244233378562,0.22113610394691244,-2.247311530592522,1.076555023923445,2.0,2021.0,2.0,0.0,0.0,0.0,0.0,1.0,0
-0.14563106796116504,-0.7487415561625567,-0.43757890077311973,-0.10745634590117485,-0.0563307224364017,0.3868042940632917,-0.26051560379918587,-0.14327594002260138,-0.2896164490673082,-0.3292013818329607,2.0,2021.0,0.0,1.0,0.0,1.0,0.0,0.0,0
0.24271844660194175,0.6751950160207789,0.5479312483101083,-1.6319605029802309,-0.19947809112335865,-0.8218497354282377,0.6824966078697422,-1.7017416986397471,-0.5549088452791419,-0.43410412824514116,3.0,2023.0,0.0,2.0,3.0,0.0,0.0,1.0,1
0.14563106796116504,1.1984900886302385,1.5530896212291923,-1.0814663959293378,-0.12396317777298432,-0.8512138207078257,-0.8792401628222524,-1.6124399518063044,-1.020171327423406,-0.6766917293233082,3.0,2020.0,-1.0,1.0,3.0,0.0,0.0,0.0,1
-1.4271844660194175,-1.0932993452666206,-0.033096036903499645,1.2841955795457831,-0.4412426931807202,0.309170050323906,-0.35549525101763907,-0.4620964521329862,-0.33801541359517456,-0.6766917293233082,3.0,2021.0,-1.0,0.0,0.0,0.0,0.0,0.0,0
-0.6893203883495146,-0.5771317524087949,0.32415215565484184,0.010125463021484987,-0.5669528701199424,0.8224809242585079,0.378561736770692,0.34690382840200534,-0.47467985714011796,-0.6766917293233082,3.0,2022.0,-1.0,0.0,0.0,0.0,0.0,1.0,1
-0.04854368932038835,-0.12193446039157806,0.6392017869775782,-0.9924936282968265,0.03876365410703115,-0.7985312746048416,0.15332428765264586,-2.0886714328830562,0.0973684800747404,-0.6766917293233082,1.0,2022.0,-1.0,1.0,1.0,1.0,1.0,0.0,1
0.4174757281553398,0.1245936492991276,0.8098279998984809,-0.007768788720416718,-0.12837929902263825,-0.3075132046356219,-0.10312075983717775,-0.380681284269229,-0.038314192373221534,-0.6766917293233082,4.0,2021.0,-1.0,2.0,2.0,0.0,0.0,0.0,1
-1.6990291262135921,-0.7517436190915714,-0.8157495700495725,-0.2785912964154604,-0.23007003677798815,0.1354126502179016,0.10312075983717775,-0.4008327948283762,-0.10179559574558641,0.1804511278195489,3.0,2022.0,1.0,0.0,0.0,0.0,0.0,0.0,0
-0.11650485436893204,0.24031192578063174,-0.12916356431141415,0.1518526421101842,-0.11581420511826644,0.9940719272651203,-0.5753052917232022,1.0541632497609237,0.23888733920554514,0.7518796992481203,4.0,2020.0,1.0,1.0,2.0,1.0,0.0,1.0,0
0.11650485436893204,-0.4817396714478665,-0.628886561540294,-0.2072921616073908,0.007153012262810501,0.06139668858912346,-0.11397557666214382,-0.29351036898891636,-0.02957722058891131,0.1804511278195489,3.0,2021.0,1.0,1.0,1.0,0.0,0.0,0.0,1
0.6601941747572816,-0.11232197379182975,0.0028860973149489027,-0.7133950991218583,0.243030901528385,0.36812033613858314,0.027137042062415198,0.2901371348683385,-0.04134800274799749,-0.3195488721804511,4.0,2022.0,0.0,2.0,1.0,0.0,0.0,0.0,1
0.5436893203883495,0.3385989754669154,0.31497054751104464,0.2412660308142524,-0.04591604394345526,-0.08445272368171236,0.8181818181818182,0.10643229293515094,-0.02859560571401831,-0.27490601503759393,1.0,2023.0,0.0,2.0,2.0,0.0,0.0,1.0,1
0.4563106796116505,-0.09553555248682098,0.014504021664915297,-1.546229473683999,-0.32745769067888103,-0.7176200455303137,-0.45047489823609227,-1.619936013209417,0.06855822752535615,-0.23334197562872697,2.0,2021.0,0.0,2.0,1.0,0.0,0.0,0.0,1
-0.6116504854368932,-0.45162144352474193,-0.23194322115978092,0.4117357273648737,-0.624285446110506,1.0206571579267003,0.7530529172320217,0.5828865426151462,-0.4609506590067169,-0.309344790547798,4.0,2023.0,0.0,1.0,1.0,0.0,0.0,0.0,0
0.0,0.4508665886526221,1.0356469383161024,-0.6387636345036444,-0.0,-0.10178850914263847,0.3093622795115332,0.16277439332382374,-0.04589303788117764,-0.6766917293233082,1.0,2022.0,-1.0,1.0,2.0,1.0,0.0,0.0,0
-0.30097087378640774,-0.17175766049969146,-0.4143532297888213,-0.5179960192355191,-0.1561150917035977,0.5187049821119537,-0.926729986431479,0.38534411415380165,-0.08909155421708348,-0.017351069982648914,1.0,2020.0,1.0,1.0,1.0,0.0,1.0,0.0,0
0.7864077669902912,-0.3982460188625282,-0.19500216015589647,0.7556190617419346,1.456071776210242,1.8515480611068509,0.4681139755766621,1.1542278146468545,-0.7373716440684365,-0.24812030075187966,3.0,2022.0,0.0,2.0,1.0,0.0,0.0,0.0,0
1.087378640776699,-0.3088122359446469,0.5098605643409099,-1.9047163192275591,-0.7311136495848372,-0.6723634456003413,-0.8968792401628223,-1.5846388128044893,0.20763405900328838,-0.6766917293233082,3.0,2020.0,-1.0,3.0,1.0,0.0,0.0,0.0,0
0.5533980582524272,1.1848710960385591,1.543663689506309,0.18895362812681138,0.17202220408174013,0.31084714070910935,1.0094979647218454,1.1542278146468545,0.3683137923124546,-0.6766917293233082,1.0,2023.0,-1.0,2.0,3.0,0.0,0.0,1.0,1
0.0,0.3503680277710229,0.32311598553384124,-0.6552192527485847,-0.0,-0.30675351796875366,0.762550881953867,-0.2193600851683732,-0.10747662510253525,-0.3292013818329607,4.0,2023.0,0.0,1.0,2.0,0.0,0.0,0.0,0
0.0,-0.3383119428301414,0.48944332561521836,0.8326362622053669,0.0,0.46264451706948423,-0.37720488466757124,0.21743985969381724,-0.1565181654094897,-0.6766917293233082,3.0,2021.0,-1.0,1.0,1.0,0.0,1.0,0.0,0
-0.42718446601941745,0.45976204414385535,0.3988283479445224,-0.5644755032075898,0.10343270632001404,-0.24212656252185105,-0.45725915875169604,-0.035503028294477136,-0.11132060332657123,-0.20050125313283207,3.0,2021.0,0.0,1.0,2.0,1.0,0.0,1.0,1
0.0,-0.36914248077309614,-0.17485962395141116,-0.846961810766293,-0.0,-0.02892621357792756,-0.21166892808683854,-0.32331107342654936,0.010677894239528597,0.03759398496240601,3.0,2021.0,0.0,1.0,1.0,1.0,0.0,0.0,1
1.3009708737864079,0.275441288921235,-0.10485070577811506,0.13999151612359811,-0.5137617793796203,-0.39490644235896183,-0.26051560379918587,-0.4339547769570541,-0.10877353948665183,0.44132069303694016,2.0,2021.0,1.0,3.0,2.0,0.0,1.0,0.0,1
-0.7281553398058253,0.19655055633197616,0.2166579938690971,-0.7612554333843377,-0.08434176047143828,0.11582935104744191,-0.22930800542740842,0.24949440044241353,0.02276632338794647,-0.3383458646616541,1.0,2021.0,0.0,0.0,2.0,1.0,0.0,0.0,1
1.2621359223300972,-0.18698758676326346,-0.04879012416411222,0.6325931877946671,-0.7130399125449959,-0.5649470076318044,-0.33649932157394846,-1.1538471741424314,0.10563807760619809,-0.16240601503759394,1.0,2021.0,0.0,3.0,1.0,0.0,1.0,0.0,1
-0.24271844660194175,0.2593350781261671,0.9030847881533898,1.2518655245662424,-0.09344123753140517,0.3849778986293893,0.26322930800542743,0.5694899855464535,0.0998382734179003,-0.6766917293233082,3.0,2022.0,-1.0,1.0,2.0,0.0,0.0,0.0,0
1.0388349514563107,-1.3639122383498445,-1.2394060636287756,-0.28981195962866757,0.7143366421414584,0.68763246860346,-0.6417910447761194,-0.31719961614782816,-0.9378703394149742,3.6090225563909772,3.0,2020.0,1.0,3.0,0.0,1.0,0.0,0.0,0
0.0,-1.006789003146553,-0.6161713236508907,-0.5831846928217992,-0.0,-0.09388699652229521,0.7096336499321574,-0.8596892820282,0.09452439563710548,-0.2619451855445064,3.0,2023.0,0.0,1.0,0.0,0.0,0.0,0.0,1
0.4563106796116505,-1.0607928439072987,-1.0296317369576664,-0.48500767042096365,0.1870289114210804,0.40987186971002726,0.6431478968792401,-0.3428996362049636,-0.4347891463073016,0.1804511278195489,3.0,2023.0,1.0,2.0,0.0,0.0,0.0,0.0,0
-0.5631067961165048,0.014248547168994766,-0.2856204047246197,2.502666326658258,-0.6075459830463886,1.0789178664444488,-0.023066485753052916,0.9544644148095011,0.015373012111504923,-0.14097744360902253,3.0,2021.0,1.0,1.0,2.0,0.0,0.0,0.0,1
0.0,1.2925230206158669,1.6181713804439366,-1.231413553977117,-0.0,-0.6610130481180023,0.7218453188602443,-0.4077389227498212,-0.8543745816199817,-0.6766917293233082,3.0,2023.0,-1.0,1.0,3.0,0.0,0.0,0.0,1
0.17475728155339806,1.3118724065104355,0.34560772153501385,1.7725977050159056,-0.07157918237240637,-0.40959198801988095,-0.47761194029850745,0.2714912916122219,-0.5373324270110347,0.8661654135338346,1.0,2020.0,2.0,1.0,3.0,1.0,0.0,0.0,1
0.7864077669902912,0.4123943927933641,1.0090196904519457,0.502486835683938,-0.39096030279341554,-0.4971470517002692,-0.932157394843962,-0.5563972009488297,-0.2050206565149437,-0.6766917293233082,1.0,2020.0,-1.0,2.0,2.0,0.0,0.0,0.0,0
-0.6504854368932039,0.3020582387156264,-0.0864292333286594,2.2500558645320057,-0.23347045587337933,0.3589172679844488,0.26051560379918587,0.5750701975781968,0.1084139178120071,-0.049514028974876154,4.0,2022.0,1.0,1.0,2.0,0.0,0.0,0.0,1
-1.1553398058252426,-1.549008035036129,-0.9914316010623405,0.22087574142891783,-2.5081322081861166,2.170904348261933,-0.05970149253731343,0.5200383427193079,-3.362748278752605,-0.06444683136412459,1.0,2021.0,0.0,0.0,0.0,0.0,0.0,0.0,1
-0.06796116504854369,-0.5370929529110638,-0.2910978581860585,-0.08641942848538631,-0.13746048809187342,2.022632896208995,0.15739484396200815,1.1542278146468545,-1.0863418748799463,-0.1821862348178137,1.0,2022.0,0.0,1.0,0.0,0.0,0.0,1.0,0
-0.05825242718446602,-0.280141890827594,-1.1322872439859168,-0.381386863487741,-0.004393368206248557,0.07541948754060022,0.8154681139755766,-0.1343348466824016,-0.021128157844871914,1.4661654135338344,3.0,2023.0,4.0,1.0,1.0,0.0,0.0,0.0,1
0.42718446601941745,-0.5999560658173396,-0.710701461088417,-0.23390719691577874,0.4536900542428251,1.062047172432068,0.9552238805970149,0.5072307733727576,-0.6371816432847732,0.35187969924812035,2.0,2023.0,1.0,2.0,0.0,0.0,0.0,1.0,0
0.7378640776699029,-0.23591377776465852,-0.45875479107209927,0.03672118517141195,0.17531821088168717,0.23760231211597077,0.2903663500678426,0.07361020962202984,-0.05605365905689616,0.8359133126934984,4.0,2022.0,1.0,2.0,1.0,1.0,1.0,0.0,1
-0.038834951456310676,-0.48033331021482545,-0.25181465019274485,0.575362906751497,-0.06458278580806895,1.6630067345577757,0.5468113975576662,0.9838922199771373,-0.798797529719684,-0.16240601503759394,1.0,2023.0,0.0,1.0,1.0,0.0,0.0,0.0,0
1.4466019417475728,0.06489411841826022,0.7685089597284305,-0.3011185782974619,-0.5442957990759366,-0.37625816983101656,-0.8005427408412483,-0.5471833918997844,-0.024416942228851855,-0.6766917293233082,0.0,2020.0,-1.0,3.0,2.0,0.0,0.0,0.0,0
0.17475728155339806,0.5007387883972323,0.42718866043553283,0.36370854558642923,0.036396711731033475,0.208270072683136,-0.6485753052917232,0.565254123233279,0.10428890385475702,0.6090225563909776,2.0,2020.0,0.0,1.0,3.0,0.0,1.0,0.0,1
-0.2621359223300971,-0.9633457317822336,-0.5861046981150768,1.154969079847063,-0.14405077179032713,0.549527018311248,0.48575305291723203,-0.14887533890779886,-0.529384507589158,-0.14097744360902253,3.0,2022.0,0.0,1.0,0.0,0.0,1.0,0.0,0
-1.2427184466019416,0.0916920859625603,-0.23202239108331957,-0.3581986441880483,0.08718018895379932,-0.0701528082987604,-0.11261872455902307,-0.049695702647304794,-0.006432457329044953,1.1600429645542427,2.0,2021.0,1.0,0.0,2.0,1.0,1.0,0.0,0
-0.20388349514563106,1.3118724065104355,0.6124651492018113,0.033530313578204435,0.10241521570148067,-0.5023222484405957,-0.08276797829036635,0.06881101962216905,-0.6589826969054972,0.018288965657386785,3.0,2021.0,1.0,1.0,3.0,1.0,1.0,0.0,1
0.0,-0.8400235428463249,0.14220036660073376,-0.333169180481796,0.0,0.8620558054339655,-0.35549525101763907,0.19077403480417013,-0.7241471718118818,-0.6766917293233082,4.0,2021.0,-1.0,1.0,0.0,0.0,0.0,0.0,1
0.7475728155339806,-2.1353904435068856,-2.0400610997200235,-0.03527740924862559,1.3685244491380166,1.8306236137820222,0.23609226594301222,-0.08924374856123735,-3.90909617052817,1.7340225563909775,4.0,2022.0,2.0,2.0,0.0,0.0,0.0,1.0,0
0.3592233009708738,-0.3306917057616305,-0.148247855625712,0.980778994914682,0.142489175128276,0.39665905508682237,-0.5997286295793759,0.16225533169773262,-0.13117185953245783,-0.20050125313283207,1.0,2020.0,0.0,2.0,1.0,0.0,1.0,0.0,0
0.0,0.7846481666206127,1.2666627306445841,0.5101738685646533,0.0,0.6251622020603265,0.27544097693351427,1.1542278146468545,0.49053237568714014,-0.6766917293233082,2.0,2022.0,-1.0,1.0,3.0,1.0,0.0,0.0,0
0.13592233009708737,1.3118724065104355,0.34560772153501385,1.3028687582883673,-0.016330904364124786,-0.12014879639320378,-0.6227951153324288,0.7479824933552638,-0.15761989066368456,1.076555023923445,3.0,2020.0,2.0,1.0,3.0,1.0,0.0,0.0,1
0.5242718446601942,-1.0894403343976506,-1.0494574690395821,-0.24551698283671383,0.9664746408621713,1.8434608890519193,-0.8398914518317503,0.6596026758192105,-2.0083406474177132,0.9304511278195489,4.0,2020.0,1.0,2.0,0.0,1.0,0.0,1.0,1
1.1941747572815533,0.29872472076324225,0.9303470162210284,-0.42511163341631264,-0.4274325341369007,-0.35793130907399,-0.3120759837177748,-0.3470993854538142,-0.10692293035554942,-0.6766917293233082,4.0,2021.0,-1.0,3.0,2.0,0.0,0.0,0.0,0
0.6990291262135923,-0.4748812455190747,0.39492143540036123,0.35467381985144986,-0.15976570847532354,-0.22855372184664338,-0.508819538670285,-0.6766805736870707,0.10853587609855415,-0.6766917293233082,1.0,2020.0,-1.0,2.0,1.0,0.0,0.0,1.0,1
0.5922330097087378,1.3118724065104355,0.34560772153501385,-0.4935440960601446,-0.08092970847769337,-0.1366518028393839,0.7937584803256446,0.7250703394049521,-0.17926972944489214,37.89473684210526,3.0,2023.0,2.0,2.0,3.0,0.0,0.0,0.0,0
0.04854368932038835,1.3118724065104355,1.6315634128644076,0.3956370811100262,-0.008675095000125458,-0.17870695700258443,-0.8575305291723202,0.6648404299727272,-0.23444072574313735,-0.6766917293233082,2.0,2020.0,-1.0,1.0,3.0,0.0,0.0,0.0,1
0.3106796116504854,-1.309307460030494,-1.675383670169167,1.9985759636439733,0.9281372936830871,2.987441914042437,-0.6173677069199457,1.118253489300374,-3.91147998446354,2.537593984962406,0.0,2020.0,3.0,2.0,0.0,0.0,0.0,0.0,0
0.970873786407767,0.10334647844249764,-0.22395647567175886,-0.525799692187904,-0.3338827767554288,-0.3438992600580917,0.12075983717774763,-0.4599043717562354,-0.03554077746598446,1.8947368421052633,0.0,2022.0,1.0,3.0,2.0,0.0,1.0,0.0,0
-1.029126213592233,0.27539913574700403,0.27122954357678775,-0.12877990898323943,0.25514998460483146,-0.2479287586254494,-0.013568521031207599,-0.1753601045718712,-0.06827936585227634,-0.2619451855445064,2.0,2021.0,0.0,0.0,2.0,0.0,0.0,0.0,0
-0.2621359223300971,0.7724462625566577,1.2582175895064445,-1.3572827378359766,0.2006633997566947,-0.7654937101829464,-0.8765264586160109,-1.2467877148057038,-0.5913027554414463,-0.6766917293233082,2.0,2020.0,-1.0,1.0,3.0,0.0,1.0,0.0,1
0.0,-0.021906198560008357,0.7084330138863233,-0.21105362341220849,-0.0,-0.19136973732539425,-0.9525101763907734,-0.2991716096303738,0.0041921834642267295,-0.6766917293233082,0.0,2020.0,-1.0,1.0,1.0,0.0,0.0,0.0,0
0.30097087378640774,0.1470209784681983,0.825350328150825,-0.5748730968292083,0.20797677002018208,0.691019590712218,0.9905020352781547,0.7564339971497378,0.10159437636720421,-0.6766917293233082,3.0,2023.0,-1.0,2.0,2.0,0.0,0.0,1.0,1
0.9611650485436893,-0.41564568755278575,-0.20704445209491565,-0.24842722332724282,-0.027159102063653413,-0.028256439520770723,0.3378561736770692,-0.3554252474027161,0.011744667232404455,-0.11768551814318402,1.0,2022.0,0.0,3.0,1.0,0.0,1.0,0.0,1
-0.4563106796116505,0.1157202403319854,-0.21539268753488444,0.4058380473299876,-0.18450451367632462,0.4043396789076901,-0.24287652645861602,0.48581899920119453,0.04679028481895571,0.1804511278195489,3.0,2021.0,1.0,1.0,2.0,0.0,0.0,0.0,0
-1.854368932038835,-0.37667942572352925,0.4628885513397025,-0.5389488026261878,-0.23322959689559822,0.12577302869239065,-0.035278154681139755,-0.14568797336342842,-0.047376112219358675,-0.6766917293233082,2.0,2021.0,-1.0,0.0,1.0,0.0,0.0,0.0,1
-0.3106796116504854,0.39914241449015186,-0.019237615453695782,1.1120644533411053,0.002990650549538025,-0.00962615645632552,-0.43826322930800543,0.24535141239219027,-0.003842207330237732,-0.10526315789473678,1.0,2021.0,1.0,1.0,2.0,0.0,0.0,0.0,1
0.7184466019417476,-0.39792380625423496,-1.0446918560319904,-0.6743355636550663,-0.26952224276435743,-0.37514582438822724,-0.2835820895522388,-0.8730804875350283,0.1492794543409462,4.466165413533835,2.0,2021.0,3.0,2.0,1.0,0.0,0.0,0.0,0
0.42718446601941745,0.20254821090069203,0.22080900286023572,-0.052264851717963134,-0.018425365804872956,-0.0431321063159526,0.31886024423337855,0.06383872092938359,-0.008736330966674638,2.537593984962406,1.0,2022.0,0.0,2.0,2.0,0.0,0.0,0.0,1
0.33980582524271846,-0.1242319404400519,-0.005356818704659085,-0.37739779381089084,-0.27949535481655335,-0.8225149013172856,0.7815468113975577,-2.2737555062394024,0.10218262223150418,0.24167561761546721,3.0,2023.0,0.0,2.0,1.0,0.0,0.0,0.0,0
0.0,0.8048250942070544,0.6376494078226183,0.052305123346355176,-0.0,-0.4363930279611396,-0.6024423337856174,-0.14294662439634487,-0.3512200598401259,-0.0922761449077238,1.0,2020.0,0.0,1.0,3.0,0.0,0.0,0.0,1
-0.9902912621359223,-0.14202868563641632,-0.8675989990810214,-1.4577054924326034,0.5997245804644511,-0.6056042332141026,0.6974219810040706,-1.2399411165345227,0.08601317325924873,1.380451127819549,3.0,2023.0,3.0,0.0,1.0,0.0,0.0,0.0,0
0.4077669902912621,-1.5264717312795795,-1.6187128807311528,-0.037828593113457536,1.178660951339208,2.890525666379486,-0.7259158751696065,0.9155886426236833,-4.412305718266354,1.2518796992481203,1.0,2020.0,2.0,2.0,0.0,0.0,0.0,1.0,0
0.0,0.9140878414612096,0.337156381051151,1.527856041259972,-0.0,-0.02599618119440591,-0.5413839891451832,0.5898784197037662,-0.023762793154228988,0.2756892230576441,3.0,2020.0,1.0,1.0,3.0,0.0,0.0,0.0,1
1.6990291262135921,-0.8290453849267998,-1.1360792014475876,1.3706415481312995,1.8257935705733173,1.0746099301088667,-0.89280868385346,0.3537315044550214,-0.8909004031532669,4.833512352309344,3.0,2020.0,2.0,4.0,0.0,0.0,0.0,0.0,0
0.44660194174757284,-0.626427876715195,-1.2028257699199016,1.2720752821098336,0.9536703718384741,2.1353923543339746,-0.6879240162822252,1.1542278146468545,-1.3376692984792928,0.6090225563909776,1.0,2020.0,3.0,2.0,0.0,0.0,0.0,0.0,0
-0.44660194174757284,-0.579702701811337,-0.9635215674491687,-1.166734931672995,0.09365162465124266,-0.20969820302343464,0.8507462686567164,-0.7220290898385964,0.12156261485766734,1.076555023923445,2.0,2023.0,2.0,1.0,0.0,1.0,0.0,0.0,0
-0.46601941747572817,1.0045698453011598,0.3997793250131764,1.7171361218263939,-0.20788513041245935,0.44608684234340235,-0.05698778833107191,1.1542278146468545,0.44812539020379455,0.03759398496240601,1.0,2021.0,1.0,1.0,3.0,1.0,0.0,0.0,1
-0.06796116504854369,-1.818079366884202,-1.1776479586696282,0.08368775315381315,-0.19625557551309541,2.8877606111212613,-0.8127544097693351,0.707508375179489,-5.250177983580478,-0.20050125313283207,3.0,2020.0,0.0,1.0,0.0,0.0,0.0,0.0,0
0.0,1.3118724065104355,0.9885822693559075,-0.13231858224876109,-0.0,-0.5960601466240134,0.9348710990502035,-0.1806847082248822,-0.7819548589766074,-0.2175080558539205,1.0,2023.0,0.0,1.0,3.0,0.0,1.0,0.0,1
0.8737864077669902,0.7485388560765469,1.2416708750827636,0.35276683057680375,0.2869387270434267,0.3283854320608106,0.7747625508819539,0.8621065618257748,0.2458092556670018,-0.6766917293233082,3.0,2023.0,-1.0,2.0,3.0,0.0,0.0,1.0,0
0.14563106796116504,0.07881917927428078,0.13517553768270876,-0.2870335968564641,-0.07534550267648475,-0.517372451711862,0.5278154681139756,-0.8416218314313954,-0.04077887202305142,-0.2175080558539205,3.0,2023.0,0.0,1.0,2.0,0.0,0.0,0.0,1
-0.5631067961165048,-0.14484342791892788,-0.019622074222236913,-0.9254925838681322,0.19105778057640224,-0.33929226550636954,0.8819538670284939,-0.6274938920914974,0.049144254802321576,-0.24812030075187966,4.0,2023.0,0.0,1.0,1.0,0.0,0.0,0.0,1
1.4757281553398058,0.1289304470292747,-0.20624999916864675,0.28087567745601566,-0.5249850522355528,-0.35574644987014437,-0.5305291723202171,-0.4634072378642394,-0.04586654881083518,0.0,3.0,2020.0,1.0,4.0,2.0,0.0,0.0,0.0,1
0.038834951456310676,0.3183648132164046,-0.07514352024315256,-0.2799695472873416,-0.015323771390654432,-0.39458711330935164,0.6906377204884667,-0.402907668703394,-0.12562265262633202,0.35187969924812035,3.0,2023.0,1.0,1.0,2.0,0.0,0.0,0.0,1
0.6019417475728155,0.41815581374769184,1.0130072659041465,0.05446779776884088,-0.3567121174155755,-0.5926023886097465,0.40027137042062416,-0.8038269536481317,-0.24780013403793444,-0.6766917293233082,2.0,2022.0,-1.0,2.0,2.0,0.0,1.0,0.0,1
-0.46601941747572817,0.3460940511912376,0.3201579382870584,0.2405268201118793,-0.34002542782861933,0.7296378972155789,0.7557666214382632,0.9285753595173878,0.2525233357499955,-0.06444683136412459,4.0,2023.0,0.0,1.0,2.0,0.0,0.0,1.0,0
0.0,-0.028663292568610464,-0.31531927403200566,-0.8141804873843838,-0.0,-0.11687108373404373,0.6119402985074627,-0.19763098577815277,0.003349910065879467,0.44132069303694016,3.0,2023.0,1.0,1.0,1.0,1.0,0.0,0.0,0
0.24271844660194175,-0.25939064030559406,0.5440660742561051,1.126455827689958,0.11057213603053939,0.45555720044582226,-0.2808683853459973,0.26697045071244946,-0.1181672739194657,-0.6766917293233082,1.0,2021.0,-1.0,2.0,1.0,0.0,1.0,0.0,0
-1.4660194174757282,-0.2223473979048095,-0.07326269919934564,-0.9585774190365025,0.2737433179070886,-0.18672557446642468,0.5671641791044776,-0.43434866265605376,0.04151794560489027,-0.384483937115516,3.0,2023.0,0.0,0.0,1.0,1.0,1.0,0.0,0
1.5728155339805825,-0.25743648138413705,-0.09754788898255211,-1.0852630323215322,-0.9837952041372505,-0.6254994199144247,-0.44640434192673,-1.3844140330623136,0.16102636977058832,-0.11768551814318402,2.0,2021.0,0.0,4.0,1.0,0.0,0.0,0.0,1
1.0097087378640777,0.8110331290430338,1.2849242028225287,1.0847469749034542,-0.2503095879299947,-0.24790276496912936,-0.31614654002713705,0.2043141686634774,-0.20105735517133277,-0.6766917293233082,3.0,2021.0,-1.0,3.0,3.0,1.0,1.0,0.0,1
-0.30097087378640774,0.3766137769580623,-0.03482961910451914,-0.8402569600790726,0.2263802611216844,-0.7521666740494676,-0.7530529172320217,-1.4540556973169507,-0.28327633201575375,0.3947368421052631,3.0,2020.0,1.0,1.0,2.0,0.0,0.0,0.0,1
-0.8543689320388349,0.37169385030323027,-0.038234684852845244,0.76964666217038,0.18215797926447758,-0.21320763482092261,0.8860244233378561,-0.053074119478582996,-0.07924796670063379,1.1600429645542427,1.0,2023.0,1.0,0.0,2.0,0.0,0.0,0.0,1
0.27184466019417475,0.4267484525823493,0.3759794016984597,-1.0358970493741577,-0.18113196619470925,-0.6663068756448234,-0.39077340569877883,-1.0407322675027673,-0.28434542812640823,-0.2870813397129186,3.0,2021.0,0.0,2.0,2.0,0.0,0.0,0.0,1
0.06796116504854369,0.055898329866998824,0.11931192132035283,0.316016360991723,0.090376809923632,1.329830203162014,0.06512890094979647,1.1542278146468545,0.07433528736344831,0.1804511278195489,1.0,2022.0,0.0,1.0,2.0,0.0,1.0,0.0,0
0.2815533980582524,-0.11574472612724009,-1.0185177117467512,1.4955639590206384,0.23810556868149466,0.8456852956618603,-0.19131614654002713,0.6916792083554593,-0.09788361293621609,3.104820875718709,1.0,2021.0,4.0,2.0,1.0,1.0,0.0,0.0,1
0.1553398058252427,-0.4131286918702557,-1.0552143328803114,0.040604870293149006,0.057595138993148345,0.3707687072683925,0.9348710990502035,0.0794513699039568,-0.15317519102021676,50.751879699248114,1.0,2023.0,3.0,1.0,1.0,0.0,0.0,0.0,0
0.39805825242718446,0.8032670152087671,0.26045697044664445,0.08137798518101709,0.15512289670067483,0.3896989843943782,-0.30257801899592945,0.9594478025740876,0.3130323400243601,0.8359133126934984,3.0,2021.0,1.0,2.0,3.0,0.0,1.0,0.0,1
1.1262135922330097,0.6612628017679243,1.1812656635065166,-1.2911206050384942,-0.6721448791113818,-0.596818297831658,0.5753052917232022,-0.6440613198230285,-0.39465373977052565,-0.6766917293233082,1.0,2023.0,-1.0,3.0,3.0,0.0,0.0,0.0,1
0.44660194174757284,-0.7222108735059531,-0.4192171746689218,0.24443753705508198,0.46897082572515214,1.0500868489063189,0.7272727272727273,0.4121026441040163,-0.7583841404057464,3.6090225563909772,0.0,2023.0,0.0,2.0,0.0,0.0,0.0,0.0,0
-0.8058252427184466,0.2266342584786837,0.23747908898878406,-0.8182412384576785,-0.010515909059376811,0.01304986304958809,-0.1044776119402985,0.15092975792772764,0.002957546035491771,-0.27490601503759393,3.0,2021.0,0.0,0.0,2.0,0.0,0.0,0.0,0
1.0679611650485437,-0.8820581039304238,-0.9059361156580065,0.06979383628123341,0.9757841115134938,0.9136887589626351,-0.21709633649932158,0.19972624910912484,-0.805926574313124,0.12687969924812034,1.0,2021.0,1.0,3.0,0.0,0.0,0.0,0.0,1
1.2815533980582525,-1.2101154960907214,-0.11394644154141241,0.8372355211884953,3.2717808348089257,2.5529804998887826,0.514246947082768,0.9660191213156414,-3.089401264132852,-0.6766917293233082,1.0,2022.0,-1.0,3.0,0.0,0.0,1.0,0.0,0
1.9514563106796117,-0.6046760936566385,0.30508825807165374,0.35738220299191026,2.217222924762671,1.1361888619430602,0.841248303934871,0.5557446017971791,-0.6870262426959115,-0.6766917293233082,1.0,2023.0,-1.0,4.0,0.0,1.0,0.0,0.0,1
-0.8640776699029126,0.5928019929280779,-0.1520588453283741,0.15094578112320728,0.11617453978334315,-0.13444918649083534,0.5291723202170964,0.21849959996371096,-0.079701745699326,1.076555023923445,2.0,2023.0,2.0,0.0,3.0,0.0,0.0,0.0,1
0.1941747572815534,0.6657649073054398,0.5414045878113528,-0.8474573727643616,-0.14639245834316764,-0.7539211604673133,-0.5169606512890095,-1.2584921627791772,-0.5019342515141304,-0.0922761449077238,2.0,2020.0,0.0,1.0,3.0,0.0,0.0,0.0,1
-1.6116504854368932,0.3119018232189667,0.2964932778580105,-0.47962353636134614,0.8683273463663103,-0.5387814257574094,0.7924016282225237,-0.7304871666634353,-0.16804690901025035,0.7518796992481203,0.0,2023.0,0.0,0.0,2.0,0.0,0.0,0.0,0
0.4368932038834951,0.482392347540018,1.05746644139493,-0.074816068956998,-0.12586899891947242,-0.28810015308234804,-0.1994572591587517,-0.09416803654218427,-0.1389773091720324,-0.6766917293233082,4.0,2021.0,-1.0,2.0,3.0,0.0,1.0,0.0,0
-0.4174757281553398,0.24980292513076877,0.25351425524601445,-0.5455821675174669,0.02683489092166805,-0.06427892476585603,0.17503392130257803,0.07004225600307556,-0.016057063430771453,-0.2870813397129186,3.0,2022.0,0.0,1.0,2.0,0.0,0.0,0.0,0
1.4951456310679612,-0.6165490003395494,-0.7221850233803181,-0.4009292740868621,-0.4188666827717899,-0.28015109302269064,0.6797829036635007,-0.85979130585342,0.17272687634717204,0.6090225563909776,2.0,2023.0,1.0,4.0,0.0,0.0,0.0,1.0,1
-0.5922330097087378,0.24663393450729784,0.8942941149998453,1.098528388790105,-0.6686974761054187,1.1291121317845596,-0.592944369063772,1.1542278146468545,0.2784773675619485,-0.6766917293233082,2.0,2020.0,-1.0,1.0,2.0,0.0,0.0,0.0,1
-1.3106796116504855,0.5429567887347294,0.45640806739351575,0.7716860322530583,-1.0962913992817507,0.8364297342668171,0.587516960651289,1.151481814970573,0.4541452025197541,-0.11768551814318402,2.0,2023.0,0.0,0.0,3.0,0.0,0.0,0.0,1
-0.3592233009708738,0.5058703704547964,0.05462858639898896,0.16414694790525713,-0.037755885475158284,0.10510422172814332,0.21438263229308005,0.4566657375377411,0.05316911158197893,25.037593984962406,3.0,2022.0,1.0,1.0,3.0,0.0,0.0,1.0,0
-1.5339805825242718,0.8553772898379394,0.6726370684283606,0.5808999344704886,0.5437345116684592,-0.3544598398851348,0.8032564450474898,0.05382835785035094,-0.30319689719733656,-0.03383458646616534,1.0,2023.0,0.0,0.0,3.0,1.0,0.0,0.0,0
0.0,0.46888888393791367,0.029033756677611242,-0.6252494062544381,-0.0,-0.32221105202663003,-0.6255088195386703,-0.16218294992797452,-0.15108118057722758,1.1600429645542427,1.0,2020.0,1.0,1.0,2.0,1.0,0.0,0.0,0
-1.6019417475728155,0.18191973980344814,0.8495043424323396,-0.45716012790737437,0.7994926500779325,-0.4990772300486488,-0.13297150610583447,-0.7243106446467036,-0.09079199983227582,-0.6766917293233082,4.0,2021.0,-1.0,0.0,2.0,1.0,0.0,0.0,0
0.02912621359223301,0.7598723118736899,0.2304234075589461,0.3689566785015922,-0.009152490133012413,-0.3142354945667595,0.6824966078697422,0.057965182793724826,-0.23877885172921584,0.6766917293233082,1.0,2023.0,1.0,1.0,3.0,0.0,0.0,0.0,1
-1.6116504854368932,-0.12202723962169934,-0.6467802282525207,1.1648870826911055,-0.4474216987484874,0.27761707813912173,-0.9280868385345997,0.19496323144628502,-0.033876845717158634,0.19993164730006832,2.0,2020.0,2.0,0.0,1.0,0.0,0.0,0.0,0
-0.24271844660194175,-0.8323010853217832,-0.8715009244503127,-0.08317585238230478,0.057740182031022914,-0.23788954996781442,-0.7449118046132972,-0.9445639105591718,0.1979957306249225,0.1804511278195489,4.0,2020.0,1.0,1.0,0.0,0.0,1.0,0.0,0
1.2815533980582525,-0.23183117465165246,-0.7227724374287969,-0.746430646864591,0.5369204074762093,0.4189606209852239,0.9959294436906377,0.2530417490268958,-0.09712813289579021,1.7340225563909775,3.0,2023.0,2.0,3.0,1.0,0.0,0.0,0.0,0
0.2815533980582524,-0.6997146379477129,-1.0465762269064849,-0.09125775799775888,0.10580724778023652,0.3757981559091159,-0.41112618724559025,-0.11890430355005666,-0.2629514706033652,0.6533575317604355,2.0,2021.0,2.0,2.0,0.0,0.0,0.0,0.0,0
-1.1941747572815533,0.4100789871617797,-0.011668443071675319,-0.2882620704148583,0.625050479191181,-0.5234162549324524,-0.6960651289009498,-0.6218510272157856,-0.21464200768671193,0.12687969924812034,3.0,2020.0,1.0,0.0,2.0,1.0,0.0,1.0,1
